,alternating_Tin313,alternating_Tin333,parallel_Tin313,parallel_Tin333,POA_kWh_m2
1,90.08758892153168,78.96128056692177,96.19050672103954,84.64657024108679,185.68623430679094
2,91.68162237728794,80.76410509013395,97.82641726087414,86.4933894882084,185.09992719428243
3,102.51490294198612,90.351352036551,109.34959842306286,96.70227205613199,205.62229023281915
4,92.86971195861112,80.79051955776093,99.06109805464855,86.50141650942477,186.85391498236407
5,89.184517689396,76.22249815810174,95.10080303387986,81.61876164657735,177.8166825613623
6,73.52526788310476,61.4517218612749,78.40867234684737,65.81850008099822,149.78541385843977
7,57.64151940557496,45.54161913259712,61.544552800608464,48.9211154699745,124.64677993214303
8,63.46505960782098,51.23168246296675,67.75103734058222,55.00363544707106,134.3730542467999
9,65.81873821758901,53.996786237714026,70.25345697199117,57.937371325192544,136.68895959166062
10,79.22592851130698,67.42899064467032,84.54791863340799,72.29170306625649,161.61219321759086
11,83.84985695395488,72.39174354789616,89.47971029779931,77.59699182133242,170.83442653416054
12,75.29216871491357,64.25014129454495,80.38017676801432,68.92787552191344,157.11498285550397
