Latitude (decimal degrees):	19.309
Longitude (decimal degrees):	84.792
Radiation database:	PVGIS-ERA5
Nominal power of the PV system (c-Si) (kWp):	1.0
System losses(%):	14.0
Fixed slope of modules (deg.):	35
Orientation (azimuth) of modules (deg.):	0

Fixed angle
Month		E_d		E_m		H(i)_d		H(i)_m		SD_m
1		5.03		155.97		6.59		204.15		5.85
2		5.12		143.39		6.85		191.88		5.85
3		4.84		149.98		6.59		204.32		4.27
4		4.45		133.47		6.1		183.05		2.82
5		3.87		120.06		5.33		165.31		3.74
6		2.99		89.67		4.09		122.77		6.53
7		2.66		82.45		3.58		110.99		7.73
8		2.89		89.45		3.87		120.04		7.41
9		3.31		99.4		4.43		132.93		8.77
10		4.0		124.04		5.33		165.15		13.48
11		4.47		134.05		5.88		176.26		9.75
12		4.66		144.59		6.08		188.42		8.42
Year		4.02		122.21		5.38		163.77		1.73
		AOI loss (%)		Spectral effects (%)		Temperature and low irradiance loss (%)		Combined loss (%)
Fixed angle:		-2.62		0.34		-11.2		-25.38

E_d: Average daily energy production from the given system (kWh/d)
E_m: Average monthly energy production from the given system (kWh/mo)
H(i)_d: Average daily sum of global irradiation per square meter received by the modules of the given system (kWh/m2/d)
H(i)_m: Average monthly sum of global irradiation per square meter received by the modules of the given system (kWh/m2/mo)
SD_m: Standard deviation of the monthly energy production due to year-to-year variation (kWh)


PVGIS (c) European Union, 2001-2026