json_file,working_tree_origin,writer_script,evidence,what_it_holds,note
03_CAD/gate1_channels.json,02_geometry/gate1_channels.json,02_geometry/gate1_channels.py,CONFIRMED,Gate 1: every channel measured on the STEP geometry,
03_CAD/gate1_grading.json,02_geometry/gate1_grading.json,02_geometry/gate1_grading2.py,CONFIRMED,Gate 1: the channel grading law along the flow,gate1_grading.py wrote an earlier version with different keys; the delivered file has the CH05/CH06 keys written by gate1_grading2.py
03_CAD/gate1_profile.json,02_geometry/gate1_profile.json,02_geometry/gate1_final.py,CONFIRMED,Gate 1: section profile along the flow,
03_CAD/step_solids.json,02_geometry/step_solids.json,02_geometry/step_audit.py,CONFIRMED,What the STEP file contains (solids and their properties),
03_CAD/strip_build.json,02_geometry/strip_build.json,02_geometry/build_strips.py,CONFIRMED,The reduced-domain 2- and 3-channel strip build,
03_CAD/tessellate_report.json,02_geometry/tessellate_report.json,02_geometry/tessellate.py,CONFIRMED,Tessellation report of the geometry,
05_Videos/solver_co_current.json,12_figures/video/solver_co_current.json,tools/make_solver_video.py,CONFIRMED,Settings and summary numbers of the co-current solver video,file name pattern solver_%s.json in the script
05_Videos/solver_counter_current.json,12_figures/video/solver_counter_current.json,tools/make_solver_video.py,CONFIRMED,Settings and summary numbers of the counter-current solver video,file name pattern solver_%s.json in the script
07_Results_JSON/3D_benchmark/cht3d_axial_study.json,15_benchmark/cht3d_axial_study.json,,NOT_RECORDED,3-D conjugate benchmark results at nx 60/120/240 for both arrangements,the per-case entries have the key structure printed by tools/cht_post.py; the command that collected them into this file was not saved as a script
07_Results_JSON/3D_benchmark/cht3d_nx120.json,15_benchmark/cht3d_nx120.json,,NOT_RECORDED,3-D conjugate benchmark results at nx 120 for both arrangements,the entries have the key structure printed by tools/cht_post.py; the command that collected them into this file was not saved as a script
07_Results_JSON/3D_benchmark/nu_alt_nx60.json,15_benchmark/nu_alt_nx60.json,tools/nu_extract.py,CONFIRMED_ARGUMENT,Local Nusselt number along the channels (alternating; nx 60),nu_extract.py writes its output to the file named on the command line; the output structure (y_low / y_high) matches; the exact command line was not saved
07_Results_JSON/3D_benchmark/nu_co_nu48_nr4_nx120.json,15_benchmark/nu_co_nu48_nr4_nx120.json,tools/nu_extract.py,CONFIRMED_ARGUMENT,Local Nusselt number (co-current; NU 48 / NR 4 cross-section; nx 120),see nu_alt_nx60
07_Results_JSON/3D_benchmark/nu_co_nu96_nr8_nx120.json,15_benchmark/nu_co_nu96_nr8_nx120.json,tools/nu_extract.py,CONFIRMED_ARGUMENT,Local Nusselt number (co-current; NU 96 / NR 8 cross-section; nx 120),see nu_alt_nx60
07_Results_JSON/3D_benchmark/nu_co_nx120.json,15_benchmark/nu_co_nx120.json,tools/nu_extract.py,CONFIRMED_ARGUMENT,Local Nusselt number (co-current; nx 120; design flow),see nu_alt_nx60
07_Results_JSON/3D_benchmark/nu_co_nx120_m1p0.json,15_benchmark/nu_co_nx120_m1p0.json,tools/nu_extract.py,CONFIRMED_ARGUMENT,Local Nusselt number (co-current; nx 120; 1.0 g/s),see nu_alt_nx60
07_Results_JSON/3D_benchmark/nu_co_nx120_m4p5.json,15_benchmark/nu_co_nx120_m4p5.json,tools/nu_extract.py,CONFIRMED_ARGUMENT,Local Nusselt number (co-current; nx 120; 4.5 g/s),see nu_alt_nx60
07_Results_JSON/3D_benchmark/nu_co_nx240.json,15_benchmark/nu_co_nx240.json,tools/nu_extract.py,CONFIRMED_ARGUMENT,Local Nusselt number (co-current; nx 240),see nu_alt_nx60
07_Results_JSON/3D_benchmark/nu_co_nx60.json,15_benchmark/nu_co_nx60.json,tools/nu_extract.py,CONFIRMED_ARGUMENT,Local Nusselt number (co-current; nx 60),see nu_alt_nx60
07_Results_JSON/3D_benchmark/nu_developed_summary.json,15_benchmark/nu_developed_summary.json,,NOT_RECORDED,Developed-flow Nusselt summary across the Nu benchmark cases,no saved script writes this file; tools/make_figures.py only reads it
07_Results_JSON/3D_benchmark/rom_const_nu.json,15_benchmark/rom_const_nu.json,tools/grail_bench.py,EARLIER_VERSION,Reduced-order model on the benchmark problem with constant Nu,the saved grail_bench.py writes the tags alternating / co_current_cad_taper / co_current_co_taper; this file has alternating / co_current so it came from an earlier state of the script
07_Results_JSON/3D_benchmark/rom_const_nu_nx60flow.json,15_benchmark/rom_const_nu_nx60flow.json,tools/grail_bench.py,CONFIRMED_ARGUMENT,Reduced-order model on the benchmark problem (nx 60 flow field; two tapers),grail_bench.py writes to the file named on the command line; its three tags match this file exactly; the exact command line was not saved
07_Results_JSON/3D_benchmark/rom_design_axial.json,15_benchmark/rom_design_axial.json,,NOT_RECORDED,Reduced-order model at the design point for nx 220/440/880,no saved script writes this file; tools/make_figures.py only reads it
07_Results_JSON/3D_benchmark/rom_design_nu448.json,15_benchmark/rom_design_nu448.json,,NOT_RECORDED,Reduced-order model with Nu 4.48 and 4.5557 at nx 440/880,no saved script writes this file
07_Results_JSON/3D_benchmark/rom_envelope.json,15_benchmark/rom_envelope.json,,NOT_RECORDED,Reduced-order model at 1.0 and 4.5 g/s (flow envelope),no saved script writes this file
07_Results_JSON/3D_benchmark/rom_nu_h1.json,15_benchmark/rom_nu_h1.json,,NOT_RECORDED,Reduced-order model with Nu 4.088 and 4.600,no saved script writes this file
07_Results_JSON/3D_benchmark/rom_nuxi_envelope.json,15_benchmark/rom_nuxi_envelope.json,,NOT_RECORDED,Reduced-order model with axial Nu(xi) over the flow envelope,no saved script writes this file
07_Results_JSON/3D_benchmark/rom_nuxi_nx120.json,15_benchmark/rom_nuxi_nx120.json,,NOT_RECORDED,Reduced-order model with axial Nu(xi) from the nx 120 benchmark,no saved script writes this file
07_Results_JSON/case_convergence/bench_alt_nu48_nr4_nx120.json,06_cht/bench_alt_nu48_nr4_nx120/convergence.json,tools/auto_stop.py,CONFIRMED,Convergence record of the 3-D case bench_alt_nu48_nr4_nx120,auto_stop.py writes convergence.json inside each case folder; the package renames it after the case
07_Results_JSON/case_convergence/bench_alt_nu96_nr8_nx120.json,06_cht/bench_alt_nu96_nr8_nx120/convergence.json,tools/auto_stop.py,CONFIRMED,Convergence record of the 3-D case bench_alt_nu96_nr8_nx120,see bench_alt_nu48_nr4_nx120
07_Results_JSON/case_convergence/bench_alt_nx240.json,06_cht/bench_alt_nx240/convergence.json,tools/auto_stop.py,CONFIRMED,Convergence record of the 3-D case bench_alt_nx240,see bench_alt_nu48_nr4_nx120
07_Results_JSON/case_convergence/bench_co_nu48_nr4_nx120.json,06_cht/bench_co_nu48_nr4_nx120/convergence.json,tools/auto_stop.py,CONFIRMED,Convergence record of the 3-D case bench_co_nu48_nr4_nx120,see bench_alt_nu48_nr4_nx120
07_Results_JSON/case_convergence/bench_co_nu96_nr8_nx120.json,06_cht/bench_co_nu96_nr8_nx120/convergence.json,tools/auto_stop.py,CONFIRMED,Convergence record of the 3-D case bench_co_nu96_nr8_nx120,see bench_alt_nu48_nr4_nx120
07_Results_JSON/case_convergence/bench_co_nx120_m1p0.json,06_cht/bench_co_nx120_m1p0/convergence.json,tools/auto_stop.py,CONFIRMED,Convergence record of the 3-D case bench_co_nx120_m1p0,see bench_alt_nu48_nr4_nx120
07_Results_JSON/case_convergence/bench_co_nx120_m4p5.json,06_cht/bench_co_nx120_m4p5/convergence.json,tools/auto_stop.py,CONFIRMED,Convergence record of the 3-D case bench_co_nx120_m4p5,see bench_alt_nu48_nr4_nx120
07_Results_JSON/case_convergence/bench_co_nx240.json,06_cht/bench_co_nx240/convergence.json,tools/auto_stop.py,CONFIRMED,Convergence record of the 3-D case bench_co_nx240,see bench_alt_nu48_nr4_nx120
07_Results_JSON/rev1_vs_rev2.json,10_dataset/rev1_vs_rev2.json,tools/campaign2.py,CONFIRMED,Dataset comparison Rev 1 vs Rev 2,
07_Results_JSON/rev2_vs_rev3.json,10_dataset/rev2_vs_rev3.json,tools/campaign3.py,CONFIRMED,Dataset comparison Rev 2 vs Rev 3,
07_Results_JSON/rev3_vs_rev4.json,10_dataset/rev3_vs_rev4.json,tools/rev4_compare.py,CONFIRMED,Dataset comparison Rev 3 vs Rev 4,campaign4.py defines the same path but does not write it
07_Results_JSON/rev41_comparison.json,19_rev41/rev41_comparison.json,19_rev41/audit_rev41.py,CONFIRMED,Rev 4.1 correction: what changed and the comparison,
07_Results_JSON/rev4_regime_breakdown.json,10_dataset/rev4_regime_breakdown.json,,NOT_RECORDED,Rev 4 results broken down by mass-flow regime,no saved script writes this file; it is described in 14_provenance/rev4_record.md
07_Results_JSON/validation_and_uncertainty/closeout.json,05_validation/closeout.json,05_validation/closeout.py,CONFIRMED,"Nu(xi) model form, PCM time step, efficiency curve",
07_Results_JSON/validation_and_uncertainty/domain_fields.json,06_domain_equiv/domain_fields.json,06_domain_equiv/domain_fields.py,CONFIRMED,The fields behind figure D2 (domain equivalence),
07_Results_JSON/validation_and_uncertainty/domain_study.json,06_domain_equiv/domain_study.json,06_domain_equiv/domain_study.py,CONFIRMED,CR-03 domain equivalence study,
07_Results_JSON/validation_and_uncertainty/final_uncertainty.json,05_validation/final_uncertainty.json,,NOT_RECORDED,Final k = 2 uncertainty statement,no saved script writes this file; tools/fig_g1.py only reads it
07_Results_JSON/validation_and_uncertainty/gci_3d.json,05_validation/gci_3d.json,05_validation/gci_3d.py,CONFIRMED,Three-level 3-D grid convergence (GCI),
07_Results_JSON/validation_and_uncertainty/gci_3d_twolevel.json,05_validation/gci_3d_twolevel.json,,NOT_RECORDED,The two-level 3-D grid result that gci_3d.json superseded,no saved script writes this file
07_Results_JSON/validation_and_uncertainty/gci_plate.json,05_validation/gci_plate.json,05_validation/gci_plate.py,CONFIRMED,Conjugate plate grid convergence over four levels,
07_Results_JSON/validation_and_uncertainty/grid_correction.json,05_validation/grid_correction.json,05_validation/campaign_grid_correction.py,CONFIRMED,Campaign-grid correction at 10 operating points,
07_Results_JSON/validation_and_uncertainty/htc_L1.json,05_validation/htc_L1.json,05_validation/htc_level.py,CONFIRMED_ARGUMENT,"Local Nu along the channel, coarse 3-D grid",htc_level.py writes its rows to the file named on the command line; the row keys match; the exact command line was not saved
07_Results_JSON/validation_and_uncertainty/htc_L2.json,05_validation/htc_L2.json,05_validation/htc_level.py,CONFIRMED_ARGUMENT,"Local Nu along the channel, medium 3-D grid",see htc_L1; the same bytes also exist as 09_post/htc.json written by 09_post/extract_htc.py
07_Results_JSON/validation_and_uncertainty/htc_L3.json,05_validation/htc_L3.json,05_validation/htc_level.py,CONFIRMED_ARGUMENT,"Local Nu along the channel, fine 3-D grid",see htc_L1
07_Results_JSON/validation_and_uncertainty/hwb_validation.json,05_validation/hwb_validation.json,05_validation/hwb_validation.py,CONFIRMED,Hottel-Whillier-Bliss check,
07_Results_JSON/validation_and_uncertainty/mc_summary.json,05_validation/mc_summary.json,05_validation/mc_uncertainty.py,CONFIRMED,Paired Monte Carlo uncertainty summary,
07_Results_JSON/validation_and_uncertainty/nu_cfd_revision.json,05_validation/nu_cfd_revision.json,,NOT_RECORDED,The nu_cfd revision itself,no saved script writes this file
07_Results_JSON/validation_and_uncertainty/nu_corrected.json,05_validation/nu_corrected.json,05_validation/nu_corrected.py,CONFIRMED,"The Nusselt bias, measured",
07_Results_JSON/validation_and_uncertainty/nu_gci.json,05_validation/nu_gci.json,,NOT_RECORDED,GCI on the Nusselt number,no saved script writes this file; tools/fig_g1.py only reads it
07_Results_JSON/validation_and_uncertainty/rev2_analysis.json,05_validation/rev2_analysis.json,05_validation/rev2_analysis.py,CONFIRMED,"Rev 1 vs Rev 2, paired and campaign-average, with the censoring analysis",
07_Results_JSON/validation_and_uncertainty/section_conduction.json,05_validation/section_conduction.json,05_validation/section_conduction.py,CONFIRMED,3-D conduction in the metal,
07_Results_JSON/validation_and_uncertainty/uncertainty_summary.json,05_validation/uncertainty_summary.json,05_validation/analyse.py,CONFIRMED,"Combined uncertainty, Rev 2",
07_Results_JSON/validation_and_uncertainty/uncertainty_summary_rev1.json,05_validation/uncertainty_summary_rev1.json,05_validation/analyse.py,KEPT_COPY,"Combined uncertainty as it stood at Rev 1",a kept copy of analyse.py's output from Rev 1; the saved analyse.py now writes the Rev 2 version (uncertainty_summary.json)
12_Stages_3-5-6-7/annual/stage7_results.json,20_annual/stage7_results.json,tools/stage7_annual.py,CONFIRMED+REPRODUCED,"Stage 7 annual yield, SDHW and economics, Berhampur",re-run with 15_Run_in_VSCode: byte-identical
12_Stages_3-5-6-7/surrogate/stage3_report.json,21_surrogate/stage3_report.json,tools/stage3_ann.py,CONFIRMED+REPRODUCED_EXCEPT_SHAP,Stage 3 ANN / GPR accuracy and SHAP importances,re-run with 15_Run_in_VSCode: all accuracy numbers identical; SHAP importances differ by up to ~3 % (random sampling in KernelExplainer) with the same ranking; the recorded dataset path differs
12_Stages_3-5-6-7/system_model/efficiency_correlations.json,22_system/efficiency_correlations.json,tools/stage6_fit.py,CONFIRMED+REPRODUCED,"Stage 6 ISO 9806 efficiency correlations (eta0, a1, a2)",re-run with 15_Run_in_VSCode: byte-identical
13_Octave_system_model/efficiency_correlations.json,22_system/efficiency_correlations.json,tools/stage6_fit.py,CONFIRMED+REPRODUCED,Copy of the Stage 6 correlations read by the Octave model,byte-identical copy of 12_Stages_3-5-6-7/system_model/efficiency_correlations.json
14_Xcos_block_diagram_model/efficiency_correlations.json,22_system/efficiency_correlations.json,tools/stage6_fit.py,CONFIRMED+REPRODUCED,Copy of the Stage 6 correlations read by the Xcos model,byte-identical copy of 12_Stages_3-5-6-7/system_model/efficiency_correlations.json
