case_id,topology,reason,params
ALT_029,1,not_converged,"{""G_T"": 524.0092100598043, ""T_in"": 326.54134128328894, ""T_amb"": 294.71308538018474, ""v_wind"": 4.844737563251959, ""mdot_total"": 0.001014528745999696, ""bridge_mm"": 36.72028606042984, ""g_ratio"": 0.9117852116737594, ""lam_G"": 1.3510623911215758}"
ALT_045,1,not_converged,"{""G_T"": 863.0301908295787, ""T_in"": 301.98425961745545, ""T_amb"": 297.7903279079319, ""v_wind"": 3.533268021844867, ""mdot_total"": 0.0011641790969613825, ""bridge_mm"": 33.76032114302455, ""g_ratio"": 0.4896082080568295, ""lam_G"": 0.5237902606726941}"
ALT_075,1,not_converged,"{""G_T"": 458.20550213520517, ""T_in"": 330.0362748763086, ""T_amb"": 306.7993051417779, ""v_wind"": 2.1649676864770475, ""mdot_total"": 0.0010492227592721706, ""bridge_mm"": 26.986913489626797, ""g_ratio"": 0.5368467483113791, ""lam_G"": 1.2317080822931172}"
ALT_090,1,not_converged,"{""G_T"": 466.9548490837265, ""T_in"": 292.7888096361195, ""T_amb"": 289.6194291312243, ""v_wind"": 1.5203336111852186, ""mdot_total"": 0.0010846525234287125, ""bridge_mm"": 27.093979967397015, ""g_ratio"": 0.4753005967006304, ""lam_G"": 0.8857574582201261}"
ALT_091,1,not_converged,"{""G_T"": 686.7090542798117, ""T_in"": 291.4183576368946, ""T_amb"": 310.861797427058, ""v_wind"": 0.9641943766697656, ""mdot_total"": 0.0011900940314717367, ""bridge_mm"": 29.149383214308294, ""g_ratio"": 0.9745762912589006, ""lam_G"": 1.4792109840844185}"
ALT_099,1,not_converged,"{""G_T"": 595.7384664876089, ""T_in"": 303.86870153059033, ""T_amb"": 292.1341328818157, ""v_wind"": 2.0942155651791197, ""mdot_total"": 0.0010992869629498545, ""bridge_mm"": 23.111367414994145, ""g_ratio"": 0.5910582754218352, ""lam_G"": 0.952398619219654}"
ALT_114,1,not_converged,"{""G_T"": 798.2994103141381, ""T_in"": 324.58648454345416, ""T_amb"": 293.20174600575314, ""v_wind"": 0.7709888923291892, ""mdot_total"": 0.0010352477143172156, ""bridge_mm"": 26.645068039467766, ""g_ratio"": 0.6238173869895149, ""lam_G"": 1.9617901170751346}"
ALT_119,1,not_converged,"{""G_T"": 697.6727486673167, ""T_in"": 299.3149137185423, ""T_amb"": 311.0549585238321, ""v_wind"": 3.375888758008813, ""mdot_total"": 0.0011374971698802415, ""bridge_mm"": 31.026841181107756, ""g_ratio"": 0.8745166423487433, ""lam_G"": 1.1390358739029218}"
ALT_138,1,not_converged,"{""G_T"": 964.3669342866937, ""T_in"": 310.29552170572555, ""T_amb"": 300.084705948921, ""v_wind"": 4.789034712805184, ""mdot_total"": 0.0011537595141245286, ""bridge_mm"": 23.555094704368358, ""g_ratio"": 0.8514957227729875, ""lam_G"": 1.4263689926189884}"
