mdot_total_kg_s,bridge_mm,g_ratio,lambda_G,arrangement,eta,eta_sd,plate_std_K,plate_std_K_sd,dp_Pa,W_pump_W,global_nondominated
0.004487108708595468,36.99174101080447,0.7076876188627642,1.3461313566888704,alternating,0.57734993122351,0.00031409213130618,2.827119447202076,0.020169170718980785,20.208555641160583,9.095083852115118e-05,True
0.0010145287629378325,31.883346963127128,0.9977693996335246,1.5696691473169873,alternating,0.4294249264512769,0.0007963737998912652,17.121247637410875,0.08467117679132038,1.9137905350705098,1.9474378576401373e-06,False
0.0010145287547763037,20.078764248801463,0.997780567591015,1.8808374231610547,alternating,0.4311616278658283,0.000936167554995724,17.311394595521094,0.08155092444327221,1.9124527100702537,1.9460764960041544e-06,False
0.004487108370494299,31.91389483107299,0.9977810111830745,0.5026134923699556,alternating,0.5783396809372161,0.00033604603633330236,2.872147953612248,0.03187376956320707,11.349513495309292,5.107973621448379e-05,True
0.004487108894499394,36.99179313582819,0.7075476026915393,1.3527509740206536,alternating,0.5773477095586155,0.00031394717404013275,2.827119022391441,0.020152540486627468,20.186822514733244,9.085302994738231e-05,True
0.001014528855254965,25.79959960231657,0.997781178476712,1.7169218134611686,alternating,0.4299585191211574,0.0006852073447638252,17.226103357060914,0.08318834551418909,1.9044638789958903,1.937947401235838e-06,False
0.004487108897509089,36.97151890664061,0.8526438158595647,1.436755111083952,alternating,0.5775500915757779,0.00038090893134081166,2.8290174957836185,0.019767078545379266,14.037185119054918,6.317590596157824e-05,True
0.001748325570259566,32.82215390099341,0.9922332007475749,1.9564191887637206,alternating,0.49778930918637376,0.0003632618458213633,11.265998859831104,0.0371353681017278,3.616504656612675,6.3418531254952164e-06,False
0.0038918336014991265,33.89619581190709,0.9977636693765507,1.4907992578504086,alternating,0.5707011249940298,0.0003020513679834872,3.6137335664951338,0.018262630272331996,9.089586244284284,3.5481601975155285e-05,True
0.00448710889655373,36.86646019524551,0.9062131743430234,1.3419087555308395,alternating,0.5776738737360426,0.0004070647795316801,2.831134594842614,0.020885630143472573,12.694510490778937,5.713305011090153e-05,True
0.004487108902963063,36.98248785629364,0.8204101637068254,1.3523869266153108,alternating,0.5775252015377328,0.0003603995840827026,2.8283411481467158,0.019955780659420955,15.197628976254448,6.839861211963968e-05,True
0.00448710872146968,36.9917411136036,0.7574797547968347,1.45118374236002,alternating,0.577395962401424,0.00033316447017829137,2.8274859230224085,0.01969129400318619,17.37253169861151,7.81869994973402e-05,True
0.004487108903212277,36.98707325933288,0.7257856867207131,1.3560908494823547,alternating,0.5773751303405941,0.00031991796343239204,2.82716186513714,0.02007509420397816,19.18422694505507,8.634073773962032e-05,True
0.0029824259205899605,33.160742905612295,0.9947636741765434,1.944884093951769,alternating,0.5529311597195683,0.0003357377646340445,5.577140213394815,0.025534813469354736,6.782368759992437,2.0288778728987997e-05,True
0.0023644070090138164,34.353360503931405,0.9974457743605253,1.9609452933206044,alternating,0.5324794104122412,0.0004823800707035237,7.816584087980043,0.021037337572591294,5.178564472569363,1.2281077367675968e-05,False
0.0011902960135293408,36.62477627719031,0.9935604155000702,1.9284391628956592,alternating,0.4480419254981068,0.0012463432687270782,15.52335565785062,0.07070294459658322,2.296247381908176,2.7414384200225554e-06,False
0.0019518080602688188,35.68056496947325,0.9977474216276521,1.9388103459221493,alternating,0.511514487614994,0.00048226893119602865,9.935876477177468,0.024763473446061765,4.114907892310509,8.055677423746667e-06,False
0.003019860536825603,30.96330314179987,0.9969425701355749,1.2120204307172453,alternating,0.5539598699095066,0.0002797907510936747,5.46114744322017,0.025730143307824735,6.851278648766649,2.0752162505723417e-05,True
0.00448710888896406,36.99169458251934,0.8821811814980367,1.3518909020865852,alternating,0.5776233465451786,0.0003955779858498861,2.8299597585533935,0.020458925252961543,13.311158746789246,5.990834376642902e-05,True
0.004487108722050443,36.991013280020894,0.7783938013652669,1.3034875237521277,alternating,0.5774741762379799,0.00034068443241566855,2.827739584301704,0.020137529242141523,16.909905366588006,7.610489855513003e-05,True
0.001661804496562551,36.910495624011695,0.9977213703470765,1.87390304354901,alternating,0.49125804443760546,0.0006327961142107958,11.812992998504258,0.042708434922109594,3.3806972349057953,5.634962754747276e-06,False
0.0016873597336047536,36.25177487858292,0.9977744525958749,1.7841570035064913,alternating,0.49320437765497394,0.0005206293819180591,11.646040888802272,0.03836193334122902,3.442601980804231,5.826387122604839e-06,False
0.002323588746296192,33.88824705609161,0.9957237898581813,1.4657627193124978,alternating,0.530775271399546,0.0003817474645080235,7.992160593423501,0.02535272438310458,5.083118696407828,1.184661725081344e-05,False
0.0015270992095519837,36.53897877701897,0.9977377246744974,1.893694815059727,alternating,0.4800509545147665,0.0007591889853013457,12.811617755660905,0.053764333767050074,3.047000433128949,4.66707317245313e-06,False
0.0014585160708886352,36.25177487858292,0.9977744525958749,1.9856808828622283,alternating,0.4739921100521838,0.0008664392970508343,13.339837486415885,0.06106175386891482,2.8802281488001427,4.213499541475258e-06,False
0.004487108733765303,36.33785846362361,0.880030438733002,0.6961061539148853,alternating,0.5779532010670365,0.0003820711558391996,2.8444692303339343,0.027153650153928406,14.649598037064113,6.593213570537755e-05,True
0.001926054066797915,35.49173898859332,0.9968716381819944,1.947448861697269,alternating,0.5099245344716608,0.00047763939723133574,10.091703074506803,0.02613462067164119,4.053315272826517,7.830395551897307e-06,False
0.003449210276258127,25.73048402278149,0.995665926510244,1.9851042792846607,alternating,0.5633007087118956,0.0003824497819474937,4.47414822849768,0.019243069127543942,7.963636916045293,2.7550911020272823e-05,True
0.0014234208954922777,34.542798616365346,0.9943643396218393,1.9241318248392056,alternating,0.470602423105497,0.0006766994505075021,13.657111392247321,0.057676999118457466,2.8058344825017496,4.005901135091024e-06,False
0.001621363913143283,36.43292785490382,0.997656265673674,1.9893043828172738,alternating,0.4880581744386168,0.0006869008262760443,12.104268240390132,0.04919971480719705,3.276995734554889,5.32919019812614e-06,False
0.004487108687288216,36.99174439761124,0.7170986623532596,1.3624938260065647,alternating,0.5773594332246194,0.0003169946184463217,2.827129656316054,0.020090895547126054,19.617185799704437,8.828931276028166e-05,True
0.002323588746296192,35.35244917293366,0.9948706885554496,1.4663606396460378,alternating,0.5307531654411634,0.0003934425251560918,7.98231240521188,0.02699094790476085,5.093744397837657,1.1871381303234559e-05,False
0.004198386396054668,34.8307580837724,0.9953742375641094,1.693001286654697,alternating,0.5746563034939334,0.000397984215221013,3.1821078139485914,0.017145191718126732,9.949820584714665,4.189888805020136e-05,True
0.0014737043264763585,24.915185145990222,0.9977801567296399,1.7231706843924675,alternating,0.47495377989343907,0.0003631195517073085,13.477827388023304,0.04423514261076702,2.8952396404393386,4.279565881947151e-06,False
0.00448710890458511,36.98407115111309,0.8065271740062112,1.2972829366602652,alternating,0.5775216634898006,0.00035292819403065755,2.828270296574248,0.020181150296780373,15.813252652180825,7.116929467006487e-05,True
0.004487108736074386,36.99174439761124,0.7315062495576568,1.37919694357516,alternating,0.5773766131852937,0.0003220045350972876,2.8271793826692106,0.019988546252613655,18.805516615291502,8.463630681130043e-05,True
0.0034183551023004017,36.054403547712035,0.9976718212351307,1.706618756812953,alternating,0.5626210706814431,0.0003273887187628667,4.469670452296015,0.02898955649508628,7.8665338790688235,2.6971520785289753e-05,True
0.0012649706371127421,34.337458293807664,0.9977060095169216,1.360950153977248,alternating,0.45478719720395144,0.0007398013039896476,15.030871394645624,0.051619335272606766,2.431661716188352,3.0852363795079674e-06,False
0.003972517317840776,36.903459427814326,0.9972760669757379,1.7039802173299319,alternating,0.5716354048313464,0.00038951466768074087,3.485712466814943,0.021706004642640116,9.321554386107014,3.714146060983426e-05,True
0.0026140452355192193,31.688203613938416,0.9977047427458322,1.947332481091963,alternating,0.5419496286388175,0.0003914245195776914,6.808705494504899,0.021131081879706803,5.81352665586022,1.5242549304228072e-05,False
0.0033318671483554374,33.196377776594986,0.993782768848277,1.6649351179670397,alternating,0.5610210656523911,0.0002680406317409802,4.6685640684777105,0.025400149756114848,7.683415176831041,2.567715006505409e-05,True
0.004487108904895941,36.682358982555755,0.8821811814980367,1.3518909020865852,alternating,0.5776447588156979,0.0003867553089857574,2.8307339574036994,0.02039063242443998,13.310359012902218,5.990474468822015e-05,True
0.002267641463048044,36.99172574188297,0.997773434730446,1.3984565237159494,alternating,0.5282177287769011,0.0004007911278453374,8.236411853873344,0.02920042913277923,4.930081178493695,1.1213296385702174e-05,False
0.0024382036710588004,33.54937554965177,0.997562230883766,1.4235790984324452,alternating,0.5355277864814111,0.0003773526114453439,7.484233329968703,0.027355572771747258,5.359757821479439,1.3107503707439606e-05,False
0.002213945099758277,32.3353564991486,0.9976353222796421,1.4770382193936518,alternating,0.5257541026480528,0.0003617381234530606,8.533748941602507,0.022551349552404808,4.782423402412524,1.0619882504253275e-05,False
0.0044871082504671905,36.96783683885889,0.8128990731254726,1.3272635711225693,alternating,0.5775227437575848,0.00035575932997380114,2.828304739418767,0.020049259683343902,15.512886841803862,6.981745490112541e-05,True
0.0015038313900532598,33.29009958308782,0.9945267541850249,1.806620194931286,alternating,0.4778013992538225,0.0004340676187080068,13.05682828033325,0.04923126673531526,2.9945860247368716,4.5169031737353215e-06,False
0.0017737509167657756,30.493637116422946,0.9976030609562871,1.875774821205176,alternating,0.49955592820890277,0.00028736446451957035,11.132080284171565,0.03519109642131716,3.6492136770173977,6.492272923855382e-06,False
0.004278467468711595,35.390874503328035,0.9961875791880868,1.7239129046484192,alternating,0.5755557335691106,0.00043075591857126664,3.080617751114059,0.01811396198391718,10.154959647859211,4.3578399698540204e-05,True
0.004325470170172859,34.43468108198613,0.9962516230048261,1.2972829366602652,alternating,0.5762359154716399,0.00036949856689220343,3.025556546290863,0.01831290383515951,10.30071270055186,4.4689493999757054e-05,True
0.0015825385154163605,35.279094451170295,0.9956756335428606,1.4663606396460378,alternating,0.4845763953176082,0.0004923895287199889,12.4503896469847,0.039637472725986535,3.1886887455225397,5.061406974387259e-06,False
0.0028621294356982094,35.35244917293366,0.9975539299667653,1.3343715063967512,alternating,0.5496547884990693,0.00034363378437591674,5.911345659561179,0.032758932961189445,6.444384905459036,1.850016422556021e-05,False
0.0031349408616007457,36.737271930416455,0.9977624365051124,1.95119102782819,alternating,0.5565306404794033,0.0003977425178020654,5.144312345883779,0.03206703139965429,7.144935014872465,2.2466347774930413e-05,True
0.0010392281234530057,31.953897285438387,0.9833422050680637,1.9719551450884933,alternating,0.43246576347740895,0.0008844542811837014,16.87377765996479,0.0770549940448926,2.00457976352813,2.089484118318163e-06,False
0.0014415027899710186,33.14536570260161,0.9950111219381724,1.528412852065136,alternating,0.4719812247327092,0.00045097991676561964,13.581306826016123,0.04680787866967245,2.8419346995785966,4.108983749606816e-06,False
0.0026109777253267292,35.28631112707795,0.997781178476712,1.4240246571398971,alternating,0.5418338754222901,0.000379432705691121,6.780370820398491,0.031791557147341214,5.801625600359415,1.5193495700324719e-05,False
0.0030544310240140666,33.006430641311944,0.9977794184019734,1.4208893715909217,alternating,0.554787661987512,0.00027807725972423463,5.356315775425606,0.027879994087946877,6.9212532309787935,2.1204102902466623e-05,True
0.0028491898956721825,25.73048402278149,0.997494455554282,1.9851042792846607,alternating,0.5491401101373649,0.0002927583381509955,6.043599952934295,0.014484950321561265,6.410811682507156,1.8320581613697668e-05,False
0.0029072864050526293,35.48104064112535,0.9968696335881981,1.996161057389368,alternating,0.5508456353355158,0.0004098618587336974,5.793151871157005,0.02909410942016433,6.571866641263741,1.916378991170006e-05,False
0.002526861503044742,33.16941053800076,0.996587735639943,1.434127465385664,alternating,0.5388978457402069,0.0003662242274377884,7.119728050546061,0.02779997012654683,5.594301698022191,1.4178561280993087e-05,False
0.0018792552093277242,31.972992428910754,0.9976366645492601,1.453778994096318,alternating,0.5068539930182852,0.0002893116788429513,10.433320114132119,0.026287024712314137,3.9200111042135313,7.388867891891478e-06,False
0.004487108571461975,32.00146268528216,0.955207565622576,0.5659790937058197,alternating,0.5782543278036731,0.00031194614355829883,2.8667415103602116,0.029513342672557688,12.428649889791524,5.59365109851389e-05,True
0.00448710881780465,32.00146268528216,0.9663973978306664,0.5413776456356245,alternating,0.5782807514661347,0.00031844274535015524,2.868335976334439,0.030246796614154695,12.14846283535102,5.46755012149204e-05,True
0.00448710869124175,36.98923911708947,0.7507393480105696,1.4218897287748593,alternating,0.577394016340948,0.00032969645753516756,2.827355813241552,0.019793917579855918,17.75387834084341,7.99032916814916e-05,True
0.0013693646378836921,33.41947220284117,0.9977567088188783,1.9798706463486158,alternating,0.4654909338083614,0.0006531805922105444,14.109783869683563,0.06044874985984712,2.66187694719248,3.656048306803589e-06,False
0.001542449588674927,33.50719285382773,0.9942209742982993,1.9091735181801146,alternating,0.48126096871984203,0.0004518080877154445,12.746541277129408,0.04970068433678255,3.0904722123305666,4.781241316670585e-06,False
0.0012390580389652116,36.85931672497702,0.9977470427034354,1.990970001044441,alternating,0.45304689217472005,0.0012687032535016753,15.104180647477389,0.07236639587640215,2.3862952423548975,2.9656552691918492e-06,False
0.001982303341383039,35.22813040273425,0.9977709836901634,1.9888157607023662,alternating,0.5133571049549396,0.0004939625642715158,9.761993565205339,0.02449658334373899,4.191494389637994,8.333814778302564e-06,False
0.004487108722371265,36.978270568086366,0.9311608398552242,1.7861913631588506,alternating,0.5775788846709877,0.000473475097976025,2.8340989259651774,0.02037425650300957,11.879262932542483,5.346393612833805e-05,True
0.0011554513936088326,36.86646019524551,0.9974419939639498,1.9829520339118387,alternating,0.4446636790953106,0.0013653959857289801,15.796818549532926,0.0761313307493554,2.21274525149445,2.564412823009618e-06,False
0.0020163157298650016,33.45191915862217,0.9912902666684592,1.333616668552907,alternating,0.5153594024410257,0.00032165063914041533,9.589674289771612,0.02365516243924525,4.326552480148012,8.749945658785228e-06,False
0.0019015998621371628,33.5912083327738,0.9967738277210124,1.9608556966662862,alternating,0.5083578736477279,0.00042204418276193216,10.26188891208133,0.028634164283624697,3.9868916336470246,7.604285437210622e-06,False
0.0013343502302512994,35.97308858607089,0.9974793510937046,1.997930496668672,alternating,0.46231882514765277,0.0010141062996916561,14.339385255327864,0.0670415240166715,2.5926738769929423,3.46994481918963e-06,False
0.0015948630843835585,33.24110390804301,0.9965014090426358,1.9487900661651623,alternating,0.4857305769812591,0.0004159979613680821,12.3532429873236,0.04764505105410806,3.208023076964183,5.131752837814174e-06,False
0.0035622234046297756,33.20077975394937,0.9967193662399783,1.4347878361638395,alternating,0.5654475675683254,0.0002584454238333227,4.183568598308237,0.02231064829797396,8.238457163444176,2.943553152022134e-05,True
0.0016512515050682742,36.68052845548512,0.9977710842486913,1.7824375988894503,alternating,0.490374296750354,0.0005869372074970527,11.897061701162313,0.041156977607905494,3.3536308004215183,5.554350959517907e-06,False
0.0035078177469670003,34.347661784039886,0.9975673138000691,1.2564853400419156,alternating,0.5644650376551265,0.00026854328714486555,4.284110593737017,0.023956620155471026,8.100379105176202,2.850015404443104e-05,True
0.003994021375711791,36.460067894928606,0.995088731852939,1.4760226655439976,alternating,0.5720035738410425,0.00034898609965024104,3.4528497684395796,0.01970587087027645,9.412267692441455,3.7705916105850216e-05,True
0.002267641463048044,33.46719137842976,0.997773434730446,1.3116888413134695,alternating,0.5283021747730773,0.00037064926869138514,8.2600337858356,0.026273117211185304,4.92374911979563,1.1198894340717032e-05,False
0.00448710869124175,36.98923911708947,0.7532843385328949,1.3286398964636115,alternating,0.5774263647626001,0.0003303650187359434,2.8273641252700243,0.020077557233307446,17.937567386127263,8.073000453162106e-05,True
0.002079331772484495,34.337458293807664,0.9977489103348768,1.3483042603844966,alternating,0.5188851198919175,0.00034796716864807876,9.225029084437356,0.02445513293766176,4.440292722941582,9.260623608770435e-06,False
0.0011629076966761967,36.63797093948267,0.9826385694129353,1.9505639149799334,alternating,0.44530090902932057,0.0012744503414470086,15.750865615796688,0.06927340381229342,2.275734616481403,2.6544325988953624e-06,False
0.0018994010902089842,36.62151670222569,0.9975558749567061,1.9530671972756541,alternating,0.5082405052462893,0.0005268235976717294,10.24221723142135,0.027171969057903658,3.9831120087993397,7.588292168443292e-06,False
0.0021578761384993058,35.6351651909279,0.9977566170200877,1.9635230468342473,alternating,0.522962863684517,0.0005083518019656125,8.798487240827694,0.02018625606838367,4.645942975659844,1.005553609629372e-05,False
0.0036568339232250116,33.17179443525611,0.9975020294050359,1.3460702095953012,alternating,0.5670940560347706,0.0002584602101763982,4.007004300198959,0.020475738115914202,8.47721278010396,3.109303838383227e-05,True
0.0013238718907249813,35.59148919543257,0.9942310655238118,1.9092891405890315,alternating,0.46116586275869703,0.0009223422038706028,14.444479963570007,0.06289119575153966,2.5803822917202788,3.426374707455352e-06,False
0.0024027980074881393,35.10759243323594,0.9968563762282753,1.9433747286636065,alternating,0.5340489774680017,0.00048556202482082355,7.64177429734153,0.022539196036197428,5.282764611160581,1.2731611115070712e-05,False
0.0013189587032263477,34.50714978117952,0.9944556500779388,1.9231399381435978,alternating,0.4606246635275101,0.0008023967039671791,14.506085145059751,0.06152956063608606,2.563948554890741,3.391918015143189e-06,False
0.0016190482743488354,36.52084453863277,0.997656265673674,1.9976894417095161,alternating,0.4878779695414404,0.0007028985953976335,12.119321895659377,0.04971611647425768,3.271370772866388,5.312444538179079e-06,False
0.003251188560172823,33.09214970352821,0.9964985565047572,1.996509880071938,alternating,0.5593196142676998,0.0003202699349305458,4.869696945694761,0.025476047247798804,7.453126238904261,2.4304432061634334e-05,True
0.004487108894499394,36.99179313582819,0.7132742682424148,1.3527509740206536,alternating,0.5773564946703391,0.00031582106200899726,2.827122239619481,0.020131283753083706,19.86666521470782,8.941212656866315e-05,True
0.004487108721357143,36.990219014263594,0.8468899036989292,1.379296340700723,alternating,0.5775578755211035,0.0003756537712856347,2.828868294214009,0.019962980886901977,14.292095869704225,6.432315749590998e-05,True
0.0021815418456115486,34.73372699642001,0.9977799790186749,1.4212361895568741,alternating,0.5241783911892368,0.00037334459212976515,8.67752644882091,0.02468861837385885,4.702754118197767,1.0290125274293348e-05,False
0.002574509163781629,31.777106443978578,0.9960047135145067,1.4239838962550744,alternating,0.5406104893583572,0.00034522202176668986,6.941174737674561,0.02653296305135135,5.719052037207248,1.476805604607227e-05,False
0.001990177563768803,36.28119557235204,0.9977713528617975,1.98892379845725,alternating,0.5138208513295867,0.0005269148605516854,9.706759065076715,0.023664032121528594,4.213794385879278,8.411433345147323e-06,False
0.004487108724195132,35.90030402788051,0.9830596210561997,0.5817131531460382,alternating,0.578200113941361,0.00042258663475049215,2.8555720604528636,0.03240702835773538,11.619080970213014,5.229295846396435e-05,True
0.004408638690750811,36.960222989743784,0.997780567591015,1.8842118476883547,alternating,0.5768489248635589,0.0005255267683523435,2.925458416694041,0.021487827088741362,10.483309311263643,4.6356191611579876e-05,True
0.0017040223009092048,29.807551475417895,0.9976686418977391,1.8629370102067435,alternating,0.4943423335460343,0.00025512468542707715,11.626145230271952,0.038567424157182735,3.4702538093363238,5.9311834312178685e-06,False
0.004358539467251797,36.985917467457305,0.9974450931348805,1.9980935996868596,alternating,0.5762928208528273,0.0005358917123420894,2.9858080096335273,0.021145012010373346,10.349363281327872,4.524383984212045e-05,True
0.002472580801547091,31.139782159133468,0.9972963060101103,1.714586656195049,alternating,0.5368247737620967,0.0003666720521597664,7.364302258147623,0.02171723304934311,5.450593457327532,1.3517585496114583e-05,False
0.0017258389921961915,30.084341823055734,0.9976690585038132,1.203874242168213,alternating,0.49597125300141653,0.0002735795497494726,11.507849656497896,0.03454470131084851,3.5346711839813016,6.118629241632105e-06,False
0.0021815418456115486,36.854814829104775,0.9977621872492294,1.4212361895568741,alternating,0.5241322195244382,0.0003925430164196042,8.663006735533418,0.026698366108323067,4.708409712341974,1.0302500314701957e-05,False
0.0011413529165282966,36.801810890905045,0.9974247890240351,1.9634020981564493,alternating,0.44320096140150494,0.001357196761027339,15.917734098389616,0.07645247079920307,2.183867350063798,2.500063559986197e-06,False
0.001290005835737332,36.6758474276781,0.9976479158291854,1.7874114598413924,alternating,0.4578035849335107,0.0010639384906400305,14.715041006056513,0.06332503982884516,2.4964442009664713,3.230117941664362e-06,False
0.0016043387667356258,33.5912083327738,0.9967767753324022,1.9746713947085361,alternating,0.4865429884508772,0.00044766076605581905,12.275423741652778,0.047970721084551096,3.230774970434547,5.1988540939491365e-06,False
0.0022252152256379354,32.087089752837,0.9968716381819944,1.947448861697269,alternating,0.5262656836857312,0.0004408998695829636,8.488659814672538,0.01964181623025289,4.821704778572268,1.0761615734012238e-05,False
0.002782071431212477,36.47771982349992,0.9974667868505046,1.997930496668672,alternating,0.5472126123005744,0.0004585450436991573,6.189631668334946,0.030132826197803265,6.247858748721741,1.7434292207692768e-05,False
0.0029430247858787373,35.28631112707795,0.997781178476712,1.3748123286120901,alternating,0.5518710306658752,0.00032923951606816877,5.664428010158028,0.032107557401646794,6.6454957988056025,1.9616708977269714e-05,False
0.0011000487091163932,36.944548179813715,0.9965133776284597,1.9902280655327356,alternating,0.43910351704058853,0.0014376974263056734,16.250892332937063,0.08067019991336911,2.1054230289827025,2.3230369961648428e-06,False
0.0011011369215679113,33.07205145327928,0.9976434761759931,1.9902280655327356,alternating,0.4388340776061641,0.0009416954318951017,16.33336531573096,0.07335930796982125,2.086565082616968,2.304507373845479e-06,False
0.004040803665477104,32.56781517466892,0.9953770581238286,1.7082359405488838,alternating,0.5727694451897479,0.0003569027749775293,3.403023067567245,0.01616244214277051,9.521455991082163,3.859010458319332e-05,True
0.0010835822196648879,36.49768566534318,0.997667520517758,1.91147335069426,alternating,0.4372386093108048,0.001335597762147407,16.40825776188639,0.08047514172182685,2.0670115639989146,2.246516528175462e-06,False
0.004487108722050443,36.991013280020894,0.7818202425549959,1.3515236173358895,alternating,0.5774637130100299,0.00034228219915559454,2.827646035066979,0.01993505732140331,16.636365480407903,7.487380205652678e-05,True
0.00140947160705544,33.255912989455176,0.9972037141775867,1.9244385055753237,alternating,0.46923400754458716,0.0005642964396600594,13.794354342414305,0.05702261165520033,2.756934873628127,3.8975139687861815e-06,False
0.0031828013486112257,33.57593474656348,0.9977152976790735,1.8367847305027878,alternating,0.5577843118417899,0.0003029457420292351,5.028405158974039,0.026890727396563622,7.262135095386914,2.3183483826875006e-05,True
0.0029430247858787373,35.32195996226367,0.9977457393782523,1.380355742496048,alternating,0.5518686203920811,0.0003296526591357946,5.66438852775997,0.03214769969298933,6.645850145821198,1.9617754967289475e-05,False
0.004102406920961792,35.30062099281903,0.9961197289980642,1.3395044436599277,alternating,0.5735288962544945,0.00033362227165874194,3.304465239375321,0.017177976996088095,9.69260307412527,3.988264988307628e-05,True
0.0042586316393255375,35.248974760247926,0.9977180122269756,1.9425317968434337,alternating,0.5753072021055448,0.0004703505382970511,3.109991111499262,0.018752954548601534,10.07847527906319,4.30496626876417e-05,True
0.002666356513389064,34.34433776285161,0.9963686923355451,1.434127465385664,alternating,0.5437112422903793,0.0003603889187211645,6.58024870941828,0.030568863270759472,5.954284614224636,1.5924017616559828e-05,False
0.0020848381472148634,35.09854482457101,0.9977466869408748,1.7826819256310122,alternating,0.5191516289486111,0.000427968275094137,9.185001949347457,0.020495484762051274,4.457550372986475,9.321234765029132e-06,False
0.0033200727742116755,25.73048402278149,0.997494455554282,1.9873819747354777,alternating,0.5607125847704715,0.0003501964602099845,4.757798336986461,0.01834083012931177,7.611229576145544,2.5345873715181034e-05,True
0.0013413738046974034,20.18559198997808,0.9977567088188783,1.9767054034356586,alternating,0.46306983510822564,0.0006504925434898331,14.641000993698478,0.04710053170600608,2.5895490752456993,3.4840053114473083e-06,False
0.0033776263212610064,32.27562499131599,0.9977812079676994,1.5659430579658202,alternating,0.5619751960857996,0.0002520367510136723,4.568781537595427,0.024024916210179704,7.746395600285817,2.6243159151881475e-05,True
0.0026920092955136816,31.688203613938416,0.9977047427458322,1.9274737570648992,alternating,0.5445364473537404,0.00036986301755539497,6.521707673867766,0.02204724530081907,6.012224764705641,1.6233665951158617e-05,False
0.0018238249190038846,34.194518063492204,0.9942325719214813,1.774179497899351,alternating,0.5031681437713147,0.0003613003539531645,10.749255727076111,0.029154144809881922,3.804424345014869,6.95948237001319e-06,False
0.0014472585436220266,36.62590817598613,0.9977681665909028,1.9431005106534056,alternating,0.4729519758107946,0.0009052290238225707,13.425507129300456,0.06087360224115511,2.855625390176462,4.145264035423138e-06,False
0.0017172633131304048,30.084341823055734,0.9976690585038132,1.203874242168213,alternating,0.49531940146533876,0.0002738239686098347,11.568711760535166,0.03496114685154808,3.512933805524526,6.0507846997821945e-06,False
0.0015157717151510206,33.97618988503983,0.9977666999782983,1.3695764240812494,alternating,0.47871509216062547,0.0004641900278956002,12.994969238382405,0.04268854821167941,3.0109012091531304,4.57757160476261e-06,False
0.0011413529165282966,34.38424345293026,0.997437218403025,1.9855740586819808,alternating,0.4429845651823229,0.001040851352639825,15.97126410223909,0.0716352740872003,2.1724945109983396,2.4870440785051858e-06,False
0.0030964861212689626,33.00353262017233,0.996657536624055,1.4564287979772033,alternating,0.5558090326495657,0.00027114853410431777,5.2430415849731045,0.02741300805344917,7.041359615948456,2.186907956434117e-05,True
0.0027347581814890784,34.85090749833456,0.9955336836847067,1.707098187978859,alternating,0.5458476629730693,0.0003757471839116708,6.343350228688713,0.029352921596880046,6.140982902761237,1.68446371471523e-05,False
0.0035420606793777052,33.30310197142621,0.9967193662399783,1.434708529224637,alternating,0.5650847565604586,0.00025862177434035275,4.2221275474391495,0.02272734646887981,8.186401838726775,2.908398401057117e-05,True
0.0025010577776749324,32.94578043669778,0.9977152976790735,1.9445041634775722,alternating,0.5379060510059788,0.0004356763043389167,7.24231991983211,0.021531960384370375,5.525682709222573,1.3861636626745244e-05,False
0.0012704831565641878,35.09854482457101,0.997703786122065,1.7953274619069657,alternating,0.45575369069956856,0.0008829499703924309,14.90883984835541,0.0615064721879278,2.446056775648448,3.1170250084865193e-06,False
0.001564703665237481,36.393067213118684,0.9947775401872969,1.9487900661651623,alternating,0.4833200156684203,0.0007193901905317585,12.525815300435168,0.0519564811637136,3.1513700532058375,4.945797665768114e-06,False
0.004387015239209523,33.01322228045966,0.9976378444911073,1.450692808474185,alternating,0.5769151585221218,0.00039543012040219006,2.959295039917133,0.018562570273341017,10.423242021028813,4.586451513362334e-05,True
0.0020377565967970935,36.88250801870257,0.9928974822053164,1.9886207143473589,alternating,0.5165600198527065,0.0005408545934220944,9.432628938400077,0.021536992204050066,4.368690176235192,8.929114569695005e-06,False
0.004487108733765303,32.94771287208233,0.8795406419643576,0.754145434296645,alternating,0.5780504831874119,0.0002886323743186254,2.852885170429393,0.025499426446657977,14.487946564727313,6.520460538105611e-05,True
0.003384461279058101,33.24324762032756,0.9932615470544023,1.9315438563345313,alternating,0.5620783152071253,0.00030970729661019294,4.560882346381456,0.025109942467792527,7.83202323349046,2.65869401910049e-05,True
0.0016558536542478051,36.68052845548512,0.9960233014089097,1.3578206111322388,alternating,0.49061965450276795,0.0005334946398162644,11.898866519561988,0.0344738058611816,3.3759813587724956,5.6069519253720235e-06,False
0.0017996805703407968,35.88150876271311,0.9977474459075829,1.7803182362075867,alternating,0.5015023765298797,0.0004379161984896692,10.886061477912367,0.030424896372024248,3.7262192858526815,6.7261829985739525e-06,False
0.002810501952091699,35.32077040738118,0.9962293044157116,1.338665881224051,alternating,0.54816884582839,0.0003503567436825422,6.077305151664931,0.03278950123925818,6.327704643805224,1.7837538870285147e-05,False
0.001722677819285956,30.958553312414757,0.9977213703470765,1.822119077487509,alternating,0.4957879077824846,0.00027107130839957786,11.476887393625873,0.03691873691353247,3.519076328028521,6.080476163158478e-06,False
0.0018410169712956533,35.29897890981978,0.9977615243660992,1.9441984810327402,alternating,0.5043839841720871,0.00046980531717116624,10.6213434696716,0.03110109905120142,3.829190778804041,7.070817663096348e-06,False
0.002666356513389064,33.16941053800076,0.9963062786283657,1.434127465385664,alternating,0.5437300622746462,0.00034665271123794324,6.586806158346221,0.02889857167082762,5.952325535043737,1.5918778295061095e-05,False
0.001210151073525018,35.48104064112535,0.9968696335881981,1.996466353073467,alternating,0.45002494485483613,0.0011097286481652829,15.374152798733926,0.07011951672509345,2.3212946251997106,2.8175698923302746e-06,False
0.0014952225609176253,36.62590817598613,0.9977679173350199,1.9431005106534056,alternating,0.47728277317766,0.0008370079728222653,13.050930038435988,0.057733713906420944,2.9698358812658814,4.453927394073644e-06,False
0.001060137245947365,33.73119983680287,0.9974147938240008,1.9684406924443612,alternating,0.4346995954444278,0.0010423533689829499,16.65710706094196,0.07953499105675065,2.010267612437691,2.1375722871282633e-06,False
0.003206713029320103,36.29699305114207,0.9947636741765434,1.9487900661651623,alternating,0.5581948926427834,0.0003784484016752287,4.963370477510893,0.030777050138100084,7.359887757760004,2.3672064159621385e-05,True
0.002762731170884633,36.88217332767039,0.9976689710576669,1.3427508631655054,alternating,0.5466726648407324,0.00037773173214629397,6.230971981625823,0.03556308096227264,6.195065724335669,1.7166801587062326e-05,False
0.0037589757216139824,35.49935904925507,0.9977238906313669,1.3805920829024818,alternating,0.5686529252400458,0.0002976137763178003,3.8214224011602864,0.02198117017304542,8.748712274783978,3.298515249378055e-05,True
0.0011819753028490271,33.65954175071615,0.9977565545104088,1.8933726907589261,alternating,0.4468994846194271,0.0008582573291328201,15.663514748731155,0.06558171550815439,2.251384783871789,2.669088477178084e-06,False
0.002472580801547091,31.54688436920189,0.9972905176767728,1.714586656195049,alternating,0.5368300733500189,0.0003728300914870828,7.360884078296911,0.022136544569565146,5.451147878726543,1.3518960472751656e-05,False
0.003120676393063521,33.00353262017233,0.9977794184019734,1.4347878361638395,alternating,0.5563883888795298,0.0002691744092765818,5.178614001727704,0.02730895156651349,7.08959814067764,2.2190914296810173e-05,True
0.0010145287629378325,31.973366513403658,0.997781208357223,1.5696691473169873,alternating,0.42942550361771914,0.0008022685715378459,17.11938144515672,0.0847181683197482,1.9140269521453344,1.9476784312835267e-06,False
0.0018641054113671732,29.448136610911465,0.9976030609562871,1.7929765913613656,alternating,0.505782710712638,0.00029333427133618434,10.556702106728654,0.030186255288322524,3.8798244062939067,7.254164163417152e-06,False
0.004040803665477104,33.26624149332535,0.9977419566752725,1.711677678009887,alternating,0.5727481296311868,0.0003605988224508738,3.400007998445841,0.01689784297972741,9.4884285036091,3.845624541324081e-05,True
0.0040894875801390125,33.55757650292418,0.9977810750548581,0.7233423767258349,alternating,0.5736433509226242,0.00028441163576874476,3.3375918328525613,0.019889027898333748,9.905542353772372,4.0630483881938894e-05,True
0.001127175911563734,33.152508142061585,0.9977713528617975,1.9332037449210047,alternating,0.44138263520644605,0.0008868160773582668,16.124439977830882,0.06985552999747231,2.1377385780194884,2.416858004377209e-06,False
0.003731980056930474,33.17179443525611,0.9975020294050359,1.2652454204367303,alternating,0.5683389685274496,0.00025872527356624476,3.8749324961957705,0.018906083438673598,8.681791949216365,3.2497767716043146e-05,True
0.0014008234817569963,32.07496450109409,0.9976733567347721,1.9716614751205006,alternating,0.46840942988133766,0.00048756027157730275,13.88405215517513,0.056974023719731544,2.731174239830852,3.837405223595659e-06,False
0.0012176700411558954,33.46290658846141,0.997756389918137,1.4907992578504086,alternating,0.45007134594387477,0.0006958112520544869,15.424997801123862,0.05548603809066467,2.324252574788272,2.8386887947834816e-06,False
0.0032763097843662137,30.96330314179987,0.9969425701355749,1.2120204307172453,alternating,0.5599334846351087,0.00024825732543202095,4.800084215885446,0.022732696346430485,7.506468502127948,2.466751875582607e-05,True
0.0021245053697318043,36.595959008066,0.9977744569448711,1.4212361895568741,alternating,0.5212474229071946,0.0003825849370857691,8.961433348182346,0.025312273308296693,4.560923131031055,9.718862269618326e-06,False
0.0037749076655137935,36.991774469071835,0.9973500406624556,1.3299144730616612,alternating,0.568827890845394,0.00032230090633500263,3.7910264175396016,0.023782563864909022,8.806603600173048,3.334414788107784e-05,True
0.004487108755725921,36.991013280020894,0.7971129816130544,1.3034875237521277,alternating,0.5775039585346203,0.00034884982989690156,2.8280449763107907,0.020138536273560628,16.155978256261513,7.271176679136272e-05,True
0.002104492936012272,34.8567313820912,0.9963834129893888,1.5744942228256407,alternating,0.5202143136350892,0.00037897249692948355,9.08013214055935,0.021743449584098212,4.515673917460838,9.531799258406416e-06,False
0.00448710890458511,36.98283557082056,0.7907572623357393,1.361567911761334,alternating,0.5774752150682043,0.00034617368587965013,2.8277804916972302,0.019887068559630284,16.257900366229606,7.31704809460044e-05,True
0.0020549310225665505,34.99906114619799,0.9977116982346937,1.3610803634036124,alternating,0.5175346189655589,0.00035000514444050423,9.354446659097515,0.024463666321661436,4.378997180152045,9.025613995211518e-06,False
0.0022498131410691262,35.88150876271311,0.9977474459075829,1.2980538757388136,alternating,0.5274483664648966,0.0003849611665800735,8.329692384621593,0.02910360739130218,4.8843514216471595,1.1021943845558122e-05,False
0.0013001967737376904,33.461624249458076,0.9977713528617975,1.925687293925939,alternating,0.45873053593938745,0.0007134635634832425,14.682170852464349,0.06114813107111422,2.5055552182656364,3.2675173633005167e-06,False
0.004428259871803058,36.29699305114207,0.9947636741765434,1.3873167687655195,alternating,0.5772253531177374,0.00044330348108266327,2.9009905785680017,0.021556416067775686,10.606371755635086,4.710909772407643e-05,True
0.002056210686719969,34.198296717278474,0.9977474459075829,1.2980538757388136,alternating,0.5176190818921999,0.0003409629364441956,9.35634899635938,0.025048027801740202,4.38206895681347,9.037569728128065e-06,False
0.003718938295493906,34.32824302445668,0.9974379654728298,1.9609452933206044,alternating,0.5680087743847899,0.0003652371581624406,3.9055570551782006,0.02377688194232788,8.653017393377016,3.2276868360887306e-05,True
0.0031828653024365086,36.854814829104775,0.9977621872492294,1.95119102782819,alternating,0.5576237442121538,0.0003968286460133083,5.021474390228134,0.03217263011321848,7.2674711246451205,2.3200984632991157e-05,True
0.0011819753028490271,33.461624249458076,0.9977565545104088,1.8964785602671097,alternating,0.44689180293887365,0.0008381117126851327,15.667623471412806,0.06529990557463754,2.250652564643275,2.6682204079259524e-06,False
0.003206713029320103,33.55907159016344,0.9964875430182252,1.9487900661651623,alternating,0.5583246158354174,0.00032000237910044955,4.973647518226711,0.02635964178098477,7.339172208164572,2.360543545069742e-05,True
0.001814388557426973,26.151207875517184,0.9944233132992935,1.3256803411047455,alternating,0.5022585120223944,0.0003235461771788442,10.957805414416507,0.030489553459920753,3.7759307873643393,6.871620475657049e-06,False
0.0022384947645797595,36.99172574188297,0.9977767708599837,1.4196141938230291,alternating,0.5268670318189367,0.00039992929355144464,8.377637941264377,0.028165531033826022,4.8549716151086315,1.0900530133003021e-05,False
0.0012299362946201686,36.51506586837652,0.9977471740513537,1.7903996105778237,alternating,0.45181949711341945,0.0011194116612579228,15.215272012135156,0.06582444174521353,2.3646349806215836,2.9171016912687507e-06,False
0.0036257148257373296,33.62930159584783,0.9905068668856948,1.9778438616281462,alternating,0.5665000276933414,0.0003431504485288799,4.0759226252625655,0.02361665885242467,8.493797710961086,3.08887545510987e-05,True
0.002102151772838617,35.09854482457101,0.9977466869408748,1.7826819256310122,alternating,0.5200792913167452,0.00043056749171446474,9.091513678135774,0.02039536427833666,4.502207899969463,9.4928027267892e-06,False
0.001128427458558478,21.722464495302393,0.9976183579303423,1.9687356027674106,alternating,0.4421689208315772,0.0007087697161517433,16.36115964491269,0.05925207659094958,2.129091119112377,2.409754143008431e-06,False
0.0013933040844538312,36.287272316860395,0.9976733567347721,1.9716614751205006,alternating,0.4679422063065049,0.0009557315694477345,13.85851366548595,0.0642437079068315,2.7281752845513774,3.812615613913167e-06,False
0.004487108708595468,36.99174450542012,0.7100789159869646,1.3461313566888704,alternating,0.5773536010876594,0.0003148646470941346,2.8271204955097167,0.0201606144898919,20.073388902529725,9.03425056725825e-05,True
0.0041563118769246035,36.74049929217713,0.9977715880924845,1.6857314753666268,alternating,0.5740357990247643,0.00041776886097477694,3.230729818400119,0.01938191244617588,9.803990490280935,4.087105528185609e-05,True
0.002545022285398004,32.115137090827595,0.9965808069834395,1.947332481091963,alternating,0.5395261576544865,0.0004125953660437173,7.072025663346525,0.020944381835780373,5.6468028983266745,1.441448266548789e-05,False
0.0010531937406434103,26.714503490008934,0.997781178476712,1.5175151969389793,alternating,0.4335492932343348,0.0005916619168736666,16.91827860749178,0.07494590739054197,1.9788512677559327,2.0903849236357325e-06,False
0.001564703665237481,33.65540993856484,0.9965014090426358,1.9487900661651623,alternating,0.4832010654828244,0.0004657763853484554,12.571858700098035,0.04988961095657056,3.1345505517428327,4.919400940004191e-06,False
0.0010723058993479413,30.493637116422946,0.9976030609562871,1.9514565742474448,alternating,0.43578184089728983,0.0007477691838265278,16.634548629468668,0.07380027905150235,2.0221595762715556,2.174898338073142e-06,False
0.0036883247888220925,33.89619581190709,0.99778070380495,1.715152749518371,alternating,0.5675426501642485,0.00031044916268644664,3.953523139783763,0.022597899060031332,8.560490886512458,3.1668877373329495e-05,True
0.0018410169712956533,36.07300667329667,0.9977637043560126,1.9083721051992575,alternating,0.5043843883316091,0.0004889529977663927,10.61302871047491,0.03006684562273576,3.8315972355359054,7.07526132175638e-06,False
0.001388328266912956,32.78359036351464,0.9976661835000792,1.4641329437050754,alternating,0.46692340365132406,0.0004745788846200421,14.026630030763863,0.04815286697118565,2.703679724795328,3.7648896555795344e-06,False
0.002724606044750719,35.32077040738118,0.9961450491537597,1.338665881224051,alternating,0.5455657925193658,0.000363247860538091,6.367148346037785,0.03287215860171384,6.109975249842601,1.6697367601803848e-05,False
0.00330044323940974,26.633986242471696,0.9955834420452355,1.8476040672408152,alternating,0.5603213065044474,0.00030311745263383237,4.7895378381917215,0.018607860338269902,7.577807886554875,2.5085380951580588e-05,True
0.002423552864567366,33.55202223396896,0.9936707205759714,1.6609437175208952,alternating,0.5349240697873732,0.0003957553650319862,7.55165844111321,0.02407119069904619,5.358454482833056,1.3025574434828382e-05,False
0.004487108687738155,36.99174090299558,0.7441909073998195,1.3624938260065647,alternating,0.5774012935999139,0.0003268000730073482,2.8272422751072903,0.019989677145484726,18.248531454675373,8.21295326266167e-05,True
0.00411258048817964,36.92399930143452,0.9955083635290112,1.7079367519516127,alternating,0.5734721920222091,0.0004140126056076278,3.288634368487897,0.019830080915476358,9.721324421746662,4.010002922381098e-05,True
0.0010809807183539445,24.802644030507516,0.9977804066326144,1.7941640687712876,alternating,0.4368189055136448,0.000610948764391067,16.70373945235186,0.06835269252962081,2.0308637271863823,2.2019303216578784e-06,False
0.0024133757648129167,36.22418002441386,0.9941127277382559,1.5573650560188075,alternating,0.5344678151744019,0.00041211043804079725,7.577241259690462,0.02861535312146171,5.333073130945404,1.290943775947701e-05,False
0.0010145326186437138,28.07120735767151,0.9977809259659063,1.6380078299861398,parallel,0.5348666356831809,0.00041657336832089673,14.446413376788243,0.09480221262820104,1.7857677639443923,1.8171711593219996e-06,True
0.004487108652070875,33.91820248863906,0.9977811090994864,0.5026295713222209,parallel,0.593998900538118,0.0005953653775421318,3.7130349574170807,0.039164371273008175,11.261201030896554,5.068227941669547e-05,True
0.004487108872342043,36.9917527368888,0.9977802615112713,1.9983514465784995,parallel,0.5930673033517705,0.0007310964848676505,3.67521206473303,0.050360156239448825,10.63451330364017,4.7861804411036406e-05,True
0.004487108852442215,36.985970116237056,0.8622291590829244,0.5615830368229205,parallel,0.5938228011048301,0.0006812263796762966,3.699854821583641,0.03778051199758183,15.784088933776323,7.10380393003841e-05,True
0.004165303750922403,36.84612596953593,0.9977354887830558,1.443070455220284,parallel,0.5922471080934557,0.0004926854600818816,3.9963305962717883,0.03885534288892293,9.786398417479345,4.088597997627661e-05,True
0.004044119946343459,31.25513279359464,0.9962531036100106,1.4024371958555095,parallel,0.5919346084070963,0.00040508781011437336,4.137628309713587,0.02887096628633708,9.458878057867103,3.8367941247593613e-05,True
0.004487108876451891,36.935658885433185,0.8760294771135099,0.5857146142496633,parallel,0.5938146727118616,0.0006728304437310193,3.699476912963102,0.038095255150799555,15.097909936691591,6.79498151382147e-05,True
0.0010309321575508238,33.78873783302994,0.9977810855319451,1.515098032168297,parallel,0.5360440926603216,0.00065307549967152,14.157311091879006,0.10053687549342052,1.8241723857063408,1.886256743571586e-06,True
0.002240979901185491,29.983601396069123,0.9977492427671292,1.2997618904233776,parallel,0.576486310268715,0.00027517889385004563,7.265393245758252,0.014147261337043075,4.743287993475844,1.0661597852471237e-05,True
0.0010168772720531476,30.273590369740354,0.9972112206317142,1.5106928559280492,parallel,0.5351015207983141,0.0004948953921582052,14.386172143938373,0.09670202187925031,1.7935624124905243,1.8293208157175794e-06,True
0.004487108876451891,36.935658885433185,0.8672796901592891,0.5521681499465004,parallel,0.5938354328284194,0.0006811588509725269,3.7004109638564615,0.03803988383518462,15.599179203982372,7.020583297046444e-05,True
0.002057148482834173,29.680889623368444,0.9977772953543737,1.5252406352332426,parallel,0.5731296485928505,0.00026910268458683786,7.877971837948086,0.01216118561000934,4.252878441367872,8.775127816788446e-06,True
0.0016299363911597147,29.67000199785481,0.997778599728282,1.6083777783528166,parallel,0.5625020423600933,0.00025529272245609295,9.800138571509263,0.020285631613432945,3.138919267197105,5.131633643447287e-06,True
0.0032058339749778866,30.688267381337326,0.9976021511853488,1.5275723024108532,parallel,0.5873276150339309,0.00033230281673533575,5.2048664438639305,0.01695769936488241,7.241777868387023,2.3285794914461442e-05,True
0.00448710846760902,36.99141487796129,0.8698318119796656,0.7301500800029239,parallel,0.5936952392971826,0.000644718352760977,3.694561139793825,0.036742412896911214,14.860742669859285,6.688241150339444e-05,True
0.001420975619160892,30.695144769543667,0.997659660615766,1.5299094456999123,parallel,0.5552411682961303,0.0002632634420908049,11.087841447797762,0.03192596432191057,2.630527876759951,3.749163468805374e-06,True
0.0022082383060656506,28.202089384181313,0.997754105539026,1.5667406501798125,parallel,0.5759109529048881,0.00028172701998744075,7.371963429068467,0.010488027337901799,4.652266299274781,1.030422532806104e-05,True
0.001248371666348946,30.63005574544779,0.9968157477858407,1.4150892199283707,parallel,0.5477779916596441,0.00029216571509073033,12.384279050183785,0.049852098402555126,2.249385068192564,2.8165181402607707e-06,True
0.0014032521844051988,29.628460361143407,0.9977812005531074,1.6872067725584894,parallel,0.5545152829863798,0.0002495977797552924,11.21427285803751,0.03464430203269537,2.587114543019172,3.6412980278817557e-06,True
0.0010429771446929775,28.793773626308592,0.9977465332108105,1.6101865822735428,parallel,0.5366474048544049,0.0004047009825730811,14.170687211215924,0.08914880660442179,1.8368383634442798,1.9215450667679403e-06,True
0.0023218014931755964,31.65586831614427,0.97750959823925,1.611952312646379,parallel,0.5777560388526156,0.00026533396516192876,7.0376754756911435,0.010897443874611928,5.121362474742605,1.192656674117437e-05,True
0.004487108647525819,36.66226777338359,0.891949846357189,0.5725375146809301,parallel,0.5938439367557906,0.0006652353979769801,3.7009357005721335,0.03848437267775762,14.503810686610294,6.527600236104958e-05,True
0.0018271419941597088,29.451344046346602,0.9977729487629378,1.515098032168297,parallel,0.5679989616053287,0.00026553661750194414,8.809494894097998,0.014648358187186492,3.6473485736418794,6.684276575967495e-06,True
0.004370931990534543,30.113614008301358,0.9976347403383695,1.5990647480294784,parallel,0.5930174548385285,0.0005230405061288633,3.8116730853095477,0.03560894019748677,10.311518333380656,4.5206565049505463e-05,True
0.0013049076336517395,30.752381654837624,0.9977660094094487,1.61173973587074,parallel,0.5503823423264143,0.0002845663489961523,11.919772167559472,0.04536509267042576,2.3655438637733464,3.096104559253631e-06,True
0.004487108484802587,35.81966795980234,0.9533526042237257,1.0047334693411596,parallel,0.593589029566505,0.0005611558502795105,3.6914213821875124,0.03851543440165988,11.770187324614948,5.2973026491470004e-05,True
0.00398536365675384,36.85186886499171,0.9974094225063069,1.5399180442204634,parallel,0.591491476811562,0.0004620754603234392,4.188233304572402,0.03557090965878558,9.304915326389086,3.719505654058461e-05,True
0.001115340404429309,28.18152364320271,0.9977781444264997,1.4841023610813584,parallel,0.5408214324653251,0.0002969913360840822,13.555614155776656,0.07034197704595069,1.9732079457038079,2.2074208106162602e-06,True
0.004487108497132936,36.41716731088523,0.9327069206258055,0.5597493332095504,parallel,0.5938880920683939,0.0006590765715765024,3.7029788218631317,0.0403220178205886,13.080717664429507,5.8871213019717675e-05,True
0.001855622653218744,31.648058014506255,0.9970403407516734,1.3280157531814407,parallel,0.5687070678003163,0.00028360291795945345,8.674420395408722,0.01711179676575173,3.731866912536583,6.945774104012413e-06,True
0.0038474592796467638,30.113614008301358,0.9976347403383695,1.4731318328922798,parallel,0.5910842527234317,0.00039280701802135747,4.357030719082195,0.024996044658664014,8.908845627537147,3.437955945898525e-05,True
0.0021698252707084247,36.89752267590028,0.9977747096948776,0.8966322157407302,parallel,0.575059199212048,0.0003972912055969334,7.492448299776591,0.03340844987784519,4.622276567144759,1.0059711638509612e-05,True
0.002906114337807122,29.827180646369236,0.9977598289716695,1.3648874642138853,parallel,0.5848554626774634,0.00029257594952489783,5.705164281863247,0.013634636519214567,6.467901869223915,1.8853021421946947e-05,True
0.0010787397227326738,29.56199557322308,0.9976964256446894,1.514802078495178,parallel,0.5387946046033227,0.00038439738179990953,13.842315186482832,0.08107401310562733,1.9038496554448612,2.059938063630177e-06,True
0.0023735728199915434,28.74238435066923,0.9977432332622185,1.5331534416118262,parallel,0.5785518130821028,0.00028431133278536994,6.889637704593771,0.01069686698811921,5.08679958746567,1.2110219901256478e-05,True
0.0018232090210703387,36.054313150663425,0.9977660385749619,1.3278822205003924,parallel,0.5677250428791525,0.00034838131129849527,8.808320811662194,0.024899140054005883,3.649786041794563,6.6743458739984465e-06,True
0.0034378968469601927,30.464541716793534,0.9977715985395147,1.4656610590387613,parallel,0.5889073293303292,0.00034376747550792766,4.867880808207979,0.01967902033724028,7.837623059503018,2.7026017656898623e-05,True
0.003148788237593588,30.233462751582262,0.9977649094974183,1.6801041105039705,parallel,0.5868911988932676,0.00035618264229728505,5.295884932064984,0.015211753437178437,7.096678932248159,2.2413178683892905e-05,True
0.0023874082145147403,30.874034234904165,0.9977765325955742,1.3731975254526094,parallel,0.5787536923352874,0.00027254068653948763,6.850664292985824,0.01366468619008996,5.124987840593126,1.227225483442346e-05,True
0.0022970806547874187,30.656590460623732,0.9977763361359294,1.4620302959946443,parallel,0.577379208223741,0.00027179405484277323,7.10323431041567,0.012577101657263232,4.886441582755771,1.125832540671725e-05,True
0.0016094390493138996,30.009563241229625,0.9977096134000933,1.6070029696477288,parallel,0.5618640360779101,0.00025624146272074994,9.912595282564183,0.021274480379617083,3.087792682719392,4.9845678232239855e-06,True
0.004487108484802587,36.422748099552194,0.937534376454121,1.0047334693411596,parallel,0.593562093189911,0.0005786547925775376,3.689510286013649,0.03881481522683285,12.172059187117354,5.478169514145793e-05,True
0.0016449913799544591,30.777790080626076,0.9977541590120641,1.3969954558293003,parallel,0.5629851800479038,0.0002710760124748707,9.71351947699204,0.01930759432758176,3.1805758125266306,5.247763084150409e-06,True
0.001065838010837001,29.457829300194163,0.997778512834616,1.7402569545319073,parallel,0.5380438985175524,0.00041749309501587934,13.923285126614655,0.08830487195759618,1.879484156615695,2.009253415132328e-06,True
0.0014653113782062085,28.755091426927077,0.997776012351675,1.5371923492885957,parallel,0.5569003972898928,0.00024235787739815571,10.814329864703863,0.02751980302321365,2.7340521698990523,4.018292631055622e-06,True
0.004487107509988266,36.986993313859095,0.9512809228929032,0.5217625489419515,parallel,0.5939180851348301,0.0006906713881874182,3.7036258889551603,0.04310994772148947,12.582946908910447,5.6630928357829194e-05,True
0.0015309932918854711,28.944730368041647,0.9943053394551217,1.5361169498099567,parallel,0.5592671753196792,0.0002465672682620099,10.391098678729191,0.023591938326048938,2.910226512812083,4.468944101286405e-06,True
0.0015740215582304904,30.63005574544779,0.9968436589126031,1.4150892199283707,parallel,0.5607420628486949,0.0002659252351397721,10.118266265305108,0.02161589431371774,3.0068524668645544,4.747091880906058e-06,True
0.0012889478543685498,34.88340154391738,0.9973556752251223,1.6068530252974136,parallel,0.5496314211717609,0.00043799119074134,11.967678988485314,0.05136065368662006,2.341325928189329,3.0269278149619745e-06,True
0.0024211087570818433,28.67306467290413,0.9977435465821942,1.4697237741989102,parallel,0.579240299514797,0.00028417963942263015,6.76187778116519,0.011317801694220652,5.211154057833738,1.2654734928709977e-05,True
0.004044119946343459,31.124722321976858,0.9962531036100106,1.4120160510251056,parallel,0.5919321292131446,0.00040696438021327417,4.13791875821587,0.028774208690919283,9.45793071594665,3.83640985551598e-05,True
0.0021297562371338733,30.299277531285252,0.9976600805244166,1.4752791335593323,parallel,0.5745210701782328,0.00027010188287262437,7.624206051117545,0.012701084051995536,4.4460885562980215,9.497577566324222e-06,True
0.004487108484802587,36.422748099552194,0.9353501427242759,1.0047334693411596,parallel,0.5935605319090052,0.0005786967451290162,3.689478120758305,0.03869915422507349,12.228600006566566,5.503616333673201e-05,True
0.0027113685957514703,30.775401437294303,0.9977492427671292,1.311298188718396,parallel,0.5828715755846257,0.0002766762393128769,6.085414690701136,0.014150687666472985,5.969517274712503,1.6234264463842912e-05,True
0.001889337915258049,31.567970562846522,0.9976269692819462,1.8749980878358283,parallel,0.569462945188383,0.0002672709200635444,8.533578910763898,0.014872431715942882,3.809722298345558,7.2195113188247745e-06,True
0.002193029400504709,33.88231707326374,0.9977766403770852,1.4620302959946443,parallel,0.5755593186418084,0.0002889135548793893,7.420747075689346,0.01753359713928404,4.615536912688264,1.0152465545275926e-05,True
0.0010678502472615341,29.66973237757198,0.9977763489236441,1.487486629652857,parallel,0.5381611029949397,0.00039922851597726174,13.941672691189643,0.08329747333307176,1.8838379588784673,2.0177099600692427e-06,True
0.001898740902810257,29.365511386240374,0.9977763361359294,1.5148320315337174,parallel,0.5697257045371906,0.00026730348563523416,8.496244418873728,0.013489148779521851,3.835034947399227,7.3036486643266745e-06,True
0.0015129987407602442,30.11577346137563,0.9976364626968245,1.6003970117176485,parallel,0.5586464791019398,0.0002543672923642848,10.487242733538304,0.0259889027952067,2.8496054391488097,4.3244227092233615e-06,True
0.001717517227435164,28.295663963136597,0.997739417196659,0.8782030882372331,parallel,0.5650949223699249,0.0003562684374418756,9.353085797007001,0.019387172571217966,3.42691453221735,5.903495231726395e-06,True
0.0014776142334095126,36.70747723387662,0.9925349485060077,1.6805664916018337,parallel,0.5572078596329347,0.00042068298964849675,10.63657078702235,0.03224375576086602,2.800542474099186,4.150573140418102e-06,True
0.0015131757107891522,29.59993223060095,0.9961405482896374,1.4940633882759746,parallel,0.5586574958628102,0.0002516231172627,10.49704405293141,0.024663946613757214,2.8582511107025095,4.33805030697207e-06,True
0.003498713222197745,30.361958946084606,0.9977802913127434,1.2194044692746242,parallel,0.5893287835278855,0.00031014979686895614,4.785932545217127,0.018881565389738807,8.007008194174556,2.8098521002210844e-05,True
0.0014499158734861042,30.368976438607127,0.9977749842287496,1.4172592479582016,parallel,0.5563594930869693,0.0002604712940351127,10.902986964425281,0.028265630484187013,2.700035395312458,3.92660399060969e-06,True
0.004487108180361251,36.991694921980965,0.9301449039763474,0.6796328423767686,parallel,0.5937780759054679,0.0006527656061313835,3.6974862137556004,0.04017973959590015,12.893788996738778,5.8029915830610285e-05,True
0.002942947734233559,27.625801921840825,0.9977587920484285,1.3991429593952174,parallel,0.585182981328127,0.0003148559559526156,5.638209515813596,0.01220753299404328,6.559800216694345,1.936323890144978e-05,True
0.001171392959464537,31.65586831614427,0.997762908840912,1.611952312646379,parallel,0.5439467896463095,0.00038735827610688375,12.970913992667747,0.06783814246642128,2.0853910303874725,2.4501628593042944e-06,True
0.001872376281723241,36.49009140532944,0.997760464779627,1.6158764336936489,parallel,0.5688577510916388,0.000338289322431885,8.595720248798974,0.022663996658110464,3.773708049034167,7.0870626330588355e-06,True
0.0010450647320276473,36.9732782807291,0.9975820335670532,1.61173973587074,parallel,0.5369016208205235,0.000865874886461025,13.925091221974416,0.10580105621773778,1.8623769785254756,1.952160980940006e-06,True
0.0017510835831431992,35.120774324699575,0.9977790862902338,1.597673462424297,parallel,0.5658773271672446,0.0003183686789397414,9.14402298244165,0.02126127467083481,3.4553190493100328,6.068758737982712e-06,True
0.0011596518007254088,28.404913058313852,0.9977388603892954,1.4673703929903599,parallel,0.5432422519750008,0.00027304281716405233,13.165448567138148,0.06214616296702754,2.0606108522168136,2.3967814296565165e-06,True
0.0038113477519932833,29.454650691734255,0.9956455570681669,1.3776035793542487,parallel,0.5909400830757526,0.0003706804331115433,4.400475340443799,0.022267694225097428,8.843026137755242,3.380526358169637e-05,True
0.0031205826057310823,36.94567397591847,0.9977531556002398,1.2421026392978418,parallel,0.5864933521674796,0.00035512451152478467,5.34391112233623,0.025155921429030465,7.049804353875612,2.206569392227832e-05,True
0.004294831795647359,36.9917527368888,0.9977801730346681,1.9877072990571614,parallel,0.5924812296146466,0.0006606238928216668,3.861021785074192,0.044632672137005364,10.117414262511938,4.358334249184789e-05,True
0.0016573518009363646,28.74238435066923,0.99774549565998,1.5331534416118262,parallel,0.5633296925418061,0.0002576830874627597,9.658368457772003,0.018376482795055417,3.2090849914815816,5.334586549638774e-06,True
0.0012317305533513293,29.366284086002587,0.9977660094094487,1.4910704448540277,parallel,0.5469425458420194,0.0002670749822576509,12.53643205251053,0.05196883750039925,2.2079799290367497,2.7278197991786e-06,True
0.0044869856528600895,36.929818599808904,0.9087352156522336,0.5217625489419515,parallel,0.5938889442201585,0.000686210929715978,3.7026677695040044,0.04059599121092796,14.03267194161531,6.315385925107346e-05,True
0.0012218005132801353,34.85815019550928,0.9977780687736075,1.6385152684796573,parallel,0.5464763145500415,0.0004924762094978684,12.485529863994419,0.06363766942921133,2.196782713366125,2.6921065664550247e-06,True
0.0010958247011574843,29.983601396069123,0.9832288909667951,1.2997618904233776,parallel,0.5398019361535097,0.0003524502602792061,13.712021796236048,0.07336195676815892,1.993641269502097,2.1912551137084886e-06,True
0.003537903701216601,32.21454794727087,0.997773155097248,1.6092142492145383,parallel,0.589447843390322,0.0003720977546502228,4.732730439341564,0.023538239997238093,8.105076578662715,2.876126421895166e-05,True
0.004204660138734911,31.22560358255236,0.9977736763876343,1.446303244753471,parallel,0.5925202398125491,0.0004452768063991398,3.971258443926577,0.03206228039746015,9.863977210835744,4.159947019838578e-05,True
0.0014856531639313721,28.400023340206115,0.9977617898483518,1.6872067725584894,parallel,0.5576283182439767,0.00023958074805407884,10.676609390801293,0.027144362488958816,2.782099893172464,4.145672526243534e-06,True
0.0027378560604257047,28.896498738882084,0.9977662165778727,1.4753327370844984,parallel,0.5831570688535248,0.0003005986369175426,6.031740758068496,0.01166447881339787,6.032746660002073,1.656649147853521e-05,True
0.0035971610417617397,33.53912667071581,0.9977781444264997,1.5179770172515892,parallel,0.5897623460374829,0.00036193359524694656,4.6544563082878,0.025778018212613933,8.261680711511364,2.9808020055088354e-05,True
0.0010954905028086907,29.611606752370065,0.9904198786405879,1.729258090394021,parallel,0.539773754286473,0.00037889080655324563,13.658529430385684,0.08065545965986835,1.957092201403503,2.150427201362579e-06,True
0.0019914623027448538,31.09484243733419,0.9977781444264997,1.949026318166788,parallel,0.5717436377878051,0.0002695274182359118,8.127310999307834,0.012946071454665366,4.076530882745254,8.142685635869985e-06,True
0.0037271760920730155,30.37512825696976,0.9962531036100106,1.4120160510251056,parallel,0.5905256743708516,0.0003631983841761716,4.4976033093339165,0.023024516369635116,8.613786373002648,3.220170374290853e-05,True
0.003305470658648287,35.76392907077163,0.9977748670210844,1.5215625123263619,parallel,0.5878629835508488,0.0003487736933980019,5.056216767105848,0.02363453301116314,7.510429397506758,2.4900204621171636e-05,True
0.004264922933312473,30.764710155477538,0.9977651578846881,1.4842050505569506,parallel,0.5927151876809779,0.0004671352239089008,3.9125548219428596,0.03288988648624028,10.024232870826307,4.288122433264979e-05,True
0.003554639699079222,30.74616317769479,0.9977558436682982,1.6092142492145383,parallel,0.5895706523535605,0.00038264613858110405,4.712495346412054,0.02221659525160371,8.145211693699842,2.9040414086088033e-05,True
0.0011446194712504544,29.44765454389634,0.9977784604633171,1.6099399852225194,parallel,0.5424771100396857,0.0003241035111542283,13.250666121955863,0.06885513273505253,2.029290068322675,2.3297541875800393e-06,True
0.0011256745773120034,29.365657283027687,0.9977751039786408,1.4389385791897105,parallel,0.5414419629260159,0.00032710856569843953,13.44174096055246,0.06988088102868108,1.9943543938448387,2.251749287163115e-06,True
0.0017934409325146602,28.602966971857494,0.9960770130462798,1.6259605015326435,parallel,0.5671255429841617,0.00026075691732511654,8.968925810269498,0.014677242211722197,3.5688691160593145,6.4198154017333884e-06,True
0.0012869997632862322,29.07191378806208,0.9977644971602898,1.6729907214814808,parallel,0.5495343371005824,0.00024993459559154553,12.081643289959494,0.046340348583012954,2.3249539414173848,3.0012188287417923e-06,True
0.0013659307145111798,28.843741102083403,0.9977765325955742,1.3721336691994996,parallel,0.5529927065878768,0.00024492969214934393,11.5178044008571,0.0339783472567358,2.5056611373165354,3.43285808186326e-06,True
0.0038886783847751818,27.72765370245228,0.9962531036100106,1.6175992828539594,parallel,0.5912281341089605,0.00045211677441178434,4.316438371124823,0.023650334768713616,9.034795398586832,3.523913097026167e-05,True
0.004487108653344367,36.929637064951564,0.9903662509805975,0.5030993286126592,parallel,0.5939619494964301,0.0006994836671229385,3.7056227768892436,0.04559828888723141,11.486150258200103,5.169468828202941e-05,True
0.002777169275146392,29.810929220424,0.9977749350481545,1.4396233605249578,parallel,0.5835734658778213,0.0002931125257803334,5.952475465508231,0.01259653185805248,6.134720072747118,1.7088421361742366e-05,True
0.0011363893044985375,29.837483681123743,0.9977745626510239,1.3277581986858813,parallel,0.5420428938780805,0.0003309036036149859,13.351029575609228,0.06728175666079396,2.0193092745429237,2.301626341088545e-06,True
0.0044871086582789965,36.929818599808904,0.9156552493914261,0.5030993286126592,parallel,0.5939093015848406,0.0006908480097577485,3.7034217517339014,0.041244107051992274,13.83609858560488,6.227089043156412e-05,True
0.003401859642572258,30.688267381337326,0.9976041874951288,1.5238462629944876,parallel,0.588670205968105,0.00034965859479836885,4.9177081678568015,0.019610747423644586,7.747898040041309,2.643657137129511e-05,True
0.001268885065625512,28.240303962830076,0.9977797883618927,1.7955125335000566,parallel,0.548661705248475,0.000240764204973943,12.224585029360147,0.04937483392774249,2.2859369183350267,2.9093191741598005e-06,True
0.002100878859400932,29.982410200376325,0.9976964256446894,1.5275623005853323,parallel,0.5739782621710956,0.000269151296734828,7.7236268707808975,0.012098077583331372,4.369086821107482,9.206541762639849e-06,True
0.003587970008820702,30.77149241273796,0.9977781444264997,1.4841023610813584,parallel,0.589777474802404,0.00036036658446799796,4.669258654395995,0.02224064178287897,8.2285059888316,2.9612470115676345e-05,True
0.002758605101745112,34.21881322837216,0.9977501214896098,1.4304306993986788,parallel,0.5832615243173047,0.0002964936736635867,5.996362806116595,0.01783840766610218,6.094200457589772,1.6862078709493017e-05,True
0.001667099512568095,31.783408755453852,0.9976113431635476,1.6103122186120618,parallel,0.5636206252062748,0.00027101951802893567,9.583240853635958,0.02017422427765431,3.235413385055763,5.409986035288619e-06,True
0.004487108852442215,36.985970116237056,0.8622291590829244,1.5960334648354315,parallel,0.5931440822552883,0.0006026394165086567,3.677524757431742,0.04038215324559942,13.524930354334414,6.087044605977771e-05,True
0.0022765527947112363,29.672493489990906,0.9969671770949683,1.9078267428918418,parallel,0.5770476222164154,0.0002895487112391216,7.173374474345661,0.009184344792935194,4.838071179189048,1.1047266262783062e-05,True
0.002596671745446633,29.795943694145354,0.9977629727343501,1.5580748918855314,parallel,0.5815367912180525,0.00029215842816406355,6.338484117207357,0.01091793590403821,5.668731987048164,1.476412856898447e-05,True
0.0024511559449470676,33.78873783302994,0.9977442630516158,1.4721835457913253,parallel,0.5795576941487585,0.00028617343885015275,6.692083219578022,0.016281301918531537,5.293774919079852,1.3014912601920021e-05,True
0.0014874038275620911,30.378469676686915,0.9977756705101765,1.5456384228933382,parallel,0.5577384347184746,0.00025750539314847574,10.649491484614646,0.027142320076190034,2.787509258134395,4.158627823384017e-06,True
0.0017912567737983726,35.21466410289492,0.9958632667169441,1.4339093528342766,parallel,0.5669542399752638,0.0003233536440560899,8.95512129844682,0.021992884516011408,3.573514619665662,6.420343298639551e-06,True
0.0013952267966224037,28.934408276687446,0.9977544477646284,1.6872067725584894,parallel,0.5541777655211074,0.0002397032253411242,11.280721165713642,0.03456554534260047,2.5683670186734355,3.5942371996132105e-06,True
0.004486986557966519,36.931452625820135,0.9095069931805642,0.7516673476097967,parallel,0.5937090469707924,0.0006359308044072852,3.6949588931810213,0.03849546898344183,13.39415899461194,6.0280252120451475e-05,True
0.0016869053025908584,33.78873783302994,0.9977769273054644,1.515098032168297,parallel,0.564155691633071,0.00029996467024599044,9.469556407665687,0.02077733028227453,3.288637895534506,5.564313645214042e-06,True
0.002474098400403043,30.35063116385197,0.9977422477508308,1.4752791335593323,parallel,0.57996774045059,0.0002774976004177809,6.628615122072017,0.01196104235030747,5.34996377691376,1.3276165318632452e-05,True
0.001431569544049095,28.934408276687446,0.9977544477646284,1.6872067725584894,parallel,0.5556131745998559,0.00024054101560830565,11.028866202984066,0.031510021002540835,2.6532387076062145,3.809724901606057e-06,True
0.004486986557966519,36.931452625820135,0.9004010338209414,0.7516673476097967,parallel,0.5937024123541176,0.0006362868092370551,3.694770517403163,0.03802651124176656,13.695630090330207,6.163701917572057e-05,True
0.0013183403269224907,29.819282041052862,0.9977523557334546,1.557870650159837,parallel,0.5509660978611738,0.00025759805654629276,11.839655306071036,0.041808195869767806,2.3947781119616267,3.1666324563995144e-06,True
0.002525746162366132,33.12162837713542,0.997762908840912,1.8742577362116615,parallel,0.5805471745038896,0.0002961221452137024,6.516870417734393,0.009703702744964961,5.487639256231832,1.3902090062063476e-05,True
0.004487108484802587,35.81966795980234,0.9533526042237257,1.108555984604996,parallel,0.5935212258668912,0.0005521453608777895,3.6889517235962628,0.03904753210499747,11.684295652055797,5.258646154391328e-05,True
0.0011595417972518351,32.68405094887244,0.9977800014313762,1.3277581986858813,parallel,0.5433282877089988,0.0004136307583077001,13.083256962199385,0.06613521143408775,2.0686124732205466,2.405860205632614e-06,True
0.0021297562371338733,30.178719153784183,0.9976600805244166,1.4752791335593323,parallel,0.5745218783299705,0.0002702072918539407,7.624225747877821,0.012592818129932912,4.44605597952831,9.497507976977704e-06,True
0.0017666027626291616,31.28436407442982,0.9960434478419438,1.6262613536406876,parallel,0.5664242634964649,0.00026514590598230014,9.084152312840185,0.01718255464522499,3.4997541884742307,6.2012792556485e-06,True
0.0017744730379034774,28.404913058313852,0.9939877723663516,1.5300654597831265,parallel,0.5666336168071233,0.0002632878318182044,9.060761545985212,0.014700916207221297,3.532960286520913,6.288006792793485e-06,True
0.0019181763474727157,29.680889623368444,0.997778469576455,1.5256072642639587,parallel,0.5701737812751122,0.00026681897430245555,8.41429370051198,0.013475603652931364,3.886067892657401,7.476593296257339e-06,True
0.0015628643048878706,28.767813153519537,0.9977756957998346,1.38585726502415,parallel,0.5603490269195557,0.00026058323753246423,10.20409878133268,0.02121567620029916,2.9748854721152798,4.663332312435778e-06,True
0.0030779108083675037,30.437544458441945,0.997767192995178,1.5197262237913876,parallel,0.5863386873805314,0.00032170428863077794,5.408887395964768,0.01517318958010319,6.909931371271734,2.1332148899413194e-05,True
0.0010888802920216434,28.24110295867941,0.9963946921812377,1.6116289401598345,parallel,0.5393289060059713,0.0003271928004070113,13.77028132581811,0.07745955802709319,1.925632311268235,2.1030923504714825e-06,True
0.0032743113836660107,28.967104337873185,0.9977708517880824,1.5320584835237854,parallel,0.5878308605244807,0.00035244011538697627,5.102025396916486,0.015907259884519576,7.413234433312293,2.434627672495415e-05,True
0.004487108908051672,36.22334197570875,0.8965537562273772,0.5725375146809301,parallel,0.5938578929812828,0.0006499271000201416,3.702084799530713,0.037778019656777295,14.32219738835968,6.445863539035418e-05,True
0.0013408669299526893,29.72336029653305,0.9977523557334546,1.6102391069591648,parallel,0.5519402774799353,0.00025366150967763313,11.667809390854396,0.03987429188143695,2.444748545443363,3.28794631558169e-06,True
0.0013312451547948518,28.543238786706677,0.9977611844308085,1.6303445009058075,parallel,0.5514917026313195,0.0002333679638997878,11.757681402343353,0.03969738625411705,2.4226738027798933,3.2348773937804928e-06,True
0.003356705766646384,29.000424318516483,0.997777531226194,0.8701897820037265,parallel,0.5885216810402898,0.00026070185052685463,4.981377241836321,0.012958824602560497,7.735227382478854,2.6043011395273608e-05,True
0.004487108389989957,36.22334197570875,0.9002665885442931,0.5633523774460341,parallel,0.5938676264950187,0.0006517709935626942,3.702488499985926,0.03808270013388892,14.210948527331087,6.395794018726455e-05,True
0.0015867041173457295,35.76392907077163,0.9977748670210844,1.5216952048701795,parallel,0.561000207884876,0.0003575208484634631,9.999716992068524,0.024467892349756604,3.040862995889546,4.839468240583965e-06,True
0.003093770970217005,29.627988541923227,0.9977806724313891,1.4702225194099443,parallel,0.5864791838014478,0.00032093054309282834,5.382042112095339,0.014612020282350176,6.948632233117754,2.1562163175059044e-05,True
0.0014313133946297519,29.342823207941752,0.9977745175154628,1.5299094456999123,parallel,0.5556244049019002,0.00024535551106064617,11.035811716493422,0.03026244586425058,2.653517369147588,3.809443283193222e-06,True
0.0012006037376106652,29.225042551089263,0.9977799106977615,1.1306095035341572,parallel,0.5453957157732752,0.00029094040161199345,12.836367580265975,0.053640773642865194,2.1622124141888754,2.6037716208458813e-06,True
0.002019740624476315,29.038795752712225,0.9976932016116973,1.0273515023942918,parallel,0.572399290414382,0.00031322069912491927,8.009795833265773,0.01782940495177024,4.188873892393299,8.485896460656946e-06,True
0.001544662867032401,29.454650691734255,0.9956455570681669,1.3691029005511655,parallel,0.5597546538693972,0.0002604704501984913,10.308357133884348,0.02204218658404855,2.9416338576878673,4.557505103686784e-06,True
0.003356705766646384,29.000424318516483,0.9977523385817927,1.5924412001593282,parallel,0.5883829557747406,0.00037234815429020707,4.983012899455985,0.017121463526164074,7.627974366070535,2.5681911276248505e-05,True
0.0021064464946385156,30.346443641591478,0.9977678571546894,1.5101819355524837,parallel,0.5740825435790791,0.0002691708456391495,7.7039947366146935,0.01253773049937859,4.383437593053205,9.261260533955482e-06,True
0.003035905980895511,29.627988541923227,0.9977811930111341,1.532272415065694,parallel,0.5859968551157705,0.00032581441813351025,5.479066634399372,0.013876232356295584,6.800834462414549,2.070882048096754e-05,True
0.004417788931756416,36.96695405156191,0.9933615430461035,0.5310594086852091,parallel,0.5937129355996495,0.0006736230319668858,3.7692265289089297,0.04442283177652809,11.152333075669628,4.941690433796817e-05,True
0.003783001098601144,29.454650691734255,0.9956455570681669,1.4650060401016873,parallel,0.5907862208455619,0.0003857174781115306,4.433179054616312,0.02286591983539035,8.766211176711387,3.3262373632967706e-05,True
0.0013164863488694242,29.819282041052862,0.9977245308987435,1.557870650159837,parallel,0.5508843884419645,0.0002578693930634865,11.853695169320527,0.04202400300111019,2.3907730475745774,3.156890752634786e-06,True
0.0032277373515288074,30.37153184793531,0.9977721105870533,1.755182731458259,parallel,0.5874742404986621,0.00037789617423492864,5.173759290248726,0.01618133362259153,7.302957667388312,2.3642958114004962e-05,True
0.002019740624476315,28.974927184063205,0.9828884955794259,1.0738312302367727,parallel,0.5724141108341505,0.0002999191982243975,8.01028467994437,0.0160974200546812,4.306732402298807,8.724656360753634e-06,True
0.001552339534777019,29.605788155426563,0.9961405482896374,1.4696076652799053,parallel,0.5600091951936654,0.0002551638792529386,10.256004325401431,0.022504114729210687,2.9550229924855596,4.60100202348087e-06,True
0.0019435842802746493,30.29809853266677,0.9977566399265341,1.7433865020228552,parallel,0.57072939835115,0.0002635542035249025,8.311939255867285,0.013019395537257072,3.9526940477610246,7.705510547606321e-06,True
0.0020794245870494055,31.095268288625416,0.997779987738224,1.9568147339791606,parallel,0.573528110041871,0.0002727954124059861,7.8068932848831025,0.011562576094141498,4.3091103984178165,8.98743240800428e-06,True
0.00197290561997697,30.323979471972294,0.9962531036100106,1.410008790306809,parallel,0.5713961096709348,0.00027202840742704176,8.191678124571446,0.014143130849260114,4.042890665546502,8.000242442336135e-06,True
0.001212896600298302,28.240303962830076,0.9977797883618927,1.7955125335000566,parallel,0.54596250935544,0.00025661597734426647,12.675270254902111,0.05780220802892221,2.16763321292119,2.6370260327440286e-06,True
0.0027960867618548263,29.231241706995966,0.9977729728575331,1.6226255378316539,parallel,0.5837633804930211,0.00032017183145898343,5.917961209775158,0.011001008057914681,6.185376154742771,1.7346889050520333e-05,True
0.0020794245870494055,29.278640579426977,0.9977810628753918,1.9568147339791606,parallel,0.5735506363103912,0.0002782340566336725,7.807414220878013,0.011672983058178219,4.3096166204050155,8.988488225904669e-06,True
0.00153543193505158,31.65586831614427,0.997760464779627,1.6004486859088436,parallel,0.5594253670059596,0.0002727269697715482,10.332733237981566,0.025503924983473387,2.9052132447234182,4.474179733283007e-06,True
0.0022765527947112363,29.597296390600977,0.9969060463871938,1.91033275067445,parallel,0.5770484336105931,0.00029019607879536536,7.173394596160845,0.009220105223813327,4.8384971891445065,1.1048239015194974e-05,True
0.002653708916302469,28.404583199073823,0.9977802358450947,1.5365521894983414,parallel,0.5822146454608952,0.00030540039840543836,6.21009478712769,0.010860242737198,5.815560301805179,1.5479241952051234e-05,True
0.0024211087570818433,29.929333803167037,0.994935029583995,0.8443195017528528,parallel,0.5793022676333588,0.0003011563818990878,6.751227501048527,0.020329031471390622,5.33004416434827,1.2943446942764866e-05,True
0.0011928276686730258,31.65237150915068,0.9977728038596839,1.5253973587093301,parallel,0.54504971154611,0.00036308039149691724,12.803236846123884,0.06207796093954058,2.129243926235262,2.5474634589442405e-06,True
0.004399571436897129,36.2983486413511,0.997776012351675,1.5350521698921278,parallel,0.5930281182041639,0.0005572283258078142,3.763032665653095,0.0439841791995998,10.413862939626833,4.595439712832877e-05,True
0.0017163566066274128,36.054313150663425,0.9977660385749619,1.3278822205003924,parallel,0.5648971710972607,0.0003557599834173322,9.312404897646775,0.024197135907833234,3.373572446690248,5.807676385970926e-06,True
0.0024966834464399974,29.327895462422266,0.997766976040979,1.4877155202465553,parallel,0.5802752060496188,0.0002840667396154603,6.5720128860742575,0.011282840964062174,5.40811284971866,1.3542974752629908e-05,True
0.001953138016135571,36.96935298870409,0.9938175943668561,1.7171809924262151,parallel,0.570655361788634,0.0003345758155235831,8.26988600508537,0.021756576065943133,4.010741718723627,7.85710343404216e-06,True
0.0034836741175298938,26.992766629506804,0.9977673423200409,1.4697237741989102,parallel,0.5891682940883094,0.0003743737204314274,4.8105144725643,0.01565300401655953,7.9491120317193875,2.7775442168752555e-05,True
0.0024651454051293964,31.681424068864803,0.9970400137309974,1.5437208410474323,parallel,0.5798176733459235,0.0002774344605604328,6.654449502043496,0.012355878167734338,5.333906342413243,1.3188419971304466e-05,True
0.0016763250707776212,28.524131643890936,0.992587719176337,1.4751147463931642,parallel,0.5639015333119806,0.00025990440821767,9.559028562500675,0.017144635757798458,3.2876735795401024,5.527793024991251e-06,True
0.0029569688755652587,36.85186886499171,0.9974094225063069,1.5399180442204634,parallel,0.5850298249322153,0.00034246522549831736,5.625853605629746,0.021366561808280712,6.61635169536323,1.962321568002257e-05,True
0.002172620755659814,36.89752267590028,0.9977747096948776,0.8966322157407302,parallel,0.5751089734679077,0.000397143652864678,7.483493671191546,0.03338196900658181,4.629743196891748,1.0088942991917583e-05,True
0.0026947709612521295,36.054313150663425,0.9977712098984087,1.3302745749341691,parallel,0.5824818525731776,0.0003221541954578426,6.131579441455935,0.02188888126571972,5.936697136670664,1.6046177582395957e-05,True
0.001953138016135571,30.29809853266677,0.9977739513764287,1.7433865020228552,parallel,0.5709405682406085,0.0002638076964048013,8.273856154091717,0.012862693821405084,3.9778020807131726,7.792574187065267e-06,True
0.0037769201938516123,28.755091426927077,0.997776012351675,1.5456930280916776,parallel,0.5907394471483401,0.00041004051213568615,4.441781345657267,0.022679375153732608,8.718544807757965,3.302833294425394e-05,True
0.004197970118557011,32.24630979069589,0.9976412808723131,1.9645594286116734,parallel,0.5923449566925616,0.0005933347155081139,3.9726850928179225,0.038798593885729586,9.856123321921059,4.150021182571461e-05,True
0.003144572862802349,28.63665910779625,0.9977721105870533,1.681756222233248,parallel,0.5868708787915395,0.0003717184940825766,5.302811348512527,0.013790877205413238,7.083996874027866,2.23431738518001e-05,True
0.0019273903156311633,28.404957769722376,0.9977806808024755,1.6173764239910138,parallel,0.5703665609834478,0.0002683188824454623,8.38056433632586,0.01214756736665883,3.9101303073439624,7.559024360311592e-06,True
0.0012106977231213874,28.513418374682676,0.9977802458106143,1.5164518432809275,parallel,0.5458743091994727,0.00025245257882068123,12.724638783447904,0.054253080972453654,2.163438614484494,2.6271516596482103e-06,True
0.003228510542910265,29.000424318516483,0.997777531226194,0.8701897820037265,parallel,0.587622305432449,0.00025588627994661676,5.1675118587624596,0.012806112067314983,7.3998221985969765,2.3962290856400957e-05,True
0.004485548338301774,36.407005581945974,0.9931465089022687,0.5310594086852091,parallel,0.5939470010664557,0.0006719252991770772,3.7071688621010592,0.044215351869107584,11.35457269495677,5.108473890069212e-05,True
0.003017072891807307,31.589771886412084,0.9977598289716695,1.3669708868816568,parallel,0.5858296777554588,0.0002943311720845698,5.510192917409825,0.016412008189386495,6.756184524785778,2.0445236892456574e-05,True
0.0033282043708341117,26.56675476064291,0.9977694645359875,1.5138272910635153,parallel,0.588176657602512,0.00037446231985687205,5.025528111805892,0.013988879642045052,7.54831806376769,2.519793898924544e-05,True
0.0013725282511299886,30.122208884223117,0.9976347403383695,1.5990647480294784,parallel,0.5532820594610168,0.0002576262099664244,11.431374133602397,0.036822391956023916,2.5173957415798167,3.4655935552584017e-06,True
0.0028772645126359125,31.525903317762893,0.9954595307237567,1.3683859291023237,parallel,0.5845606841987444,0.0002860742691085879,5.760172302800841,0.015213869253183614,6.422010484264335,1.853342313555621e-05,True
0.0028130856891783232,29.866198193778885,0.9977647348338373,1.5255441667876668,parallel,0.5839359961641042,0.00030466671712256195,5.883336906682534,0.012236244640528988,6.2278806135304166,1.7572278663825004e-05,True
0.0011446194712504544,29.44765454389634,0.997780008654011,1.6099399852225194,parallel,0.5424771079233813,0.0003241053116945699,13.250665847494101,0.06885534644407158,2.0292850105832985,2.3297483809732473e-06,True
0.0011197365957500132,29.837483681123743,0.9976592025634445,1.3458800331314382,parallel,0.5411278298238094,0.0003446803264919486,13.494718984833264,0.07076084755552185,1.9865117983581966,2.2310631479547077e-06,True
0.002547812010760748,33.779675725517635,0.9977434649134355,1.5749473566670662,parallel,0.580821164914792,0.00028852173579984615,6.45834640176191,0.01486201444486263,5.545824765554278,1.417223565421625e-05,True
0.0023191469259149543,29.053367981598154,0.997771183415932,1.543199395940371,parallel,0.5777290174500179,0.00027986697787721175,7.040892318871862,0.010701323709908088,4.943848031235241,1.1500009993811343e-05,True
0.0017416419299714242,35.184532821152004,0.996692313738146,1.6054150710642625,parallel,0.5656186161569494,0.00031933963476171707,9.18929367214035,0.021359854097140273,3.437270277116004,6.004507561955597e-06,True
0.004264922933312473,30.696944929103545,0.9977678571546894,1.0332412194800324,parallel,0.5929082877801364,0.0004130685925797632,3.9188671277243423,0.026582039037621973,10.100418753113848,4.320712896310394e-05,True
0.003260424209014004,29.015155857941735,0.9977786249489768,1.6082364110735063,parallel,0.5877277756133286,0.0003657471167054832,5.123336662246714,0.01581723929687917,7.379909921987907,2.4134039087253782e-05,True
0.003392486884731976,36.85186886499171,0.9974094225063069,1.5399180442204634,parallel,0.5883762213950131,0.00037440010334562475,4.93082161212821,0.02551607950158667,7.744578229552475,2.6352437383688625e-05,True
0.0010868119886411612,31.323879074459658,0.9977678571546894,1.5146822764087189,parallel,0.5393117803750752,0.00044883905003233676,13.724259095146326,0.08266528547471502,1.9207986253692633,2.0938284591943608e-06,True
0.0013511070326715628,28.24110295867941,0.9963946921812377,1.6116289401598345,parallel,0.5523379281777825,0.00022780327713076623,11.616778071477016,0.03691333398123108,2.4730359629418484,3.351390452939239e-06,True
0.003885656608794351,30.0614767097338,0.9976042672824214,0.6967040885944893,parallel,0.591548484560007,0.0003293793287608542,4.322513157697153,0.01910125414988347,9.27904806140664,3.616368547956381e-05,True
0.001560169342665395,35.30741135072631,0.9968436589126031,1.4169974636522567,parallel,0.56016780391523,0.00034831177762884437,10.159207188502482,0.023978630191275982,2.980474160539667,4.6640365214447e-06,True
0.002500672424002554,28.832575493054787,0.9977802458106143,1.505609325275877,parallel,0.58032683417758,0.00028891551358937713,6.562236466866947,0.010982973524237579,5.418288854790995,1.3590135932252979e-05,True
0.001385192348138257,29.66973237757198,0.997766976040979,1.487486629652857,parallel,0.5538016333597401,0.00024965466567186407,11.35642848707686,0.03387365447577669,2.546831184693977,3.5384664684433193e-06,True
0.004487108418992477,36.97046829054,0.9361810507038326,0.681259437116584,parallel,0.5937818125863098,0.000651826924915282,3.697624633415228,0.04045498649419539,12.704704875134208,5.7178924980972385e-05,True
0.002014686376680944,34.32542216361481,0.9977681978395245,1.673032402441056,parallel,0.5721365498915882,0.00028907458337495674,8.03421097595702,0.016878845498577356,4.143652106047289,8.373279285615623e-06,True
